--
-- PostgreSQL database dump
--

-- Dumped from database version 16.6
-- Dumped by pg_dump version 16.6

-- Started on 2025-02-10 01:52:45 +04

SET statement_timeout = 0;
SET lock_timeout = 0;
SET idle_in_transaction_session_timeout = 0;
SET client_encoding = 'UTF8';
SET standard_conforming_strings = on;
SELECT pg_catalog.set_config('search_path', '', false);
SET check_function_bodies = false;
SET xmloption = content;
SET client_min_messages = warning;
SET row_security = off;

--
-- TOC entry 853 (class 1247 OID 16774)
-- Name: gender; Type: TYPE; Schema: public; Owner: postgres
--

CREATE TYPE public.gender AS ENUM (
    'f',
    'm'
);


ALTER TYPE public.gender OWNER TO postgres;

SET default_tablespace = '';

SET default_table_access_method = heap;

--
-- TOC entry 217 (class 1259 OID 16766)
-- Name: horse; Type: TABLE; Schema: public; Owner: postgres
--

CREATE TABLE public.horse (
    horsename character varying NOT NULL,
    birthday date,
    gender public.gender,
    father character varying,
    mother character varying
);


ALTER TABLE public.horse OWNER TO postgres;

--
-- TOC entry 219 (class 1259 OID 16790)
-- Name: purchase; Type: TABLE; Schema: public; Owner: postgres
--

CREATE TABLE public.purchase (
    p_timestamp timestamp without time zone NOT NULL,
    product text,
    s_suppkey integer
);


ALTER TABLE public.purchase OWNER TO postgres;

--
-- TOC entry 218 (class 1259 OID 16783)
-- Name: suppliers; Type: TABLE; Schema: public; Owner: postgres
--

CREATE TABLE public.suppliers (
    s_suppkey integer NOT NULL,
    s_name character(25) NOT NULL,
    s_address character varying(40) NOT NULL,
    s_nationkey integer NOT NULL,
    s_phone character(15) NOT NULL,
    s_acctbal numeric(15,2) NOT NULL,
    s_comment character varying(101) NOT NULL
);


ALTER TABLE public.suppliers OWNER TO postgres;

--
-- TOC entry 215 (class 1259 OID 16745)
-- Name: three_cols; Type: TABLE; Schema: public; Owner: postgres
--

CREATE TABLE public.three_cols (
    a integer NOT NULL,
    b text NOT NULL,
    c double precision
);


ALTER TABLE public.three_cols OWNER TO postgres;

--
-- TOC entry 216 (class 1259 OID 16751)
-- Name: three_cols_pk; Type: TABLE; Schema: public; Owner: postgres
--

CREATE TABLE public.three_cols_pk (
    a integer NOT NULL,
    b text,
    c double precision
);


ALTER TABLE public.three_cols_pk OWNER TO postgres;

--
-- TOC entry 3617 (class 0 OID 16766)
-- Dependencies: 217
-- Data for Name: horse; Type: TABLE DATA; Schema: public; Owner: postgres
--

COPY public.horse (horsename, birthday, gender, father, mother) FROM stdin;
Amigo	\N	m	Max	Bella
Bella	\N	f	\N	\N
Diva	\N	f	Moritz	Lucky
Dylan	\N	m	\N	\N
Gentle	\N	f	Dylan	Diva
Ivy	\N	f	Dylan	Diva
Lady	\N	f	Dylan	Diva
Lucky	\N	f	Max	Bella
Max	\N	m	\N	\N
Merlin	\N	m	Moritz	Lucky
Moritz	\N	m	\N	\N
Ronja	\N	f	\N	\N
Susan	\N	f	Amigo	Ronja
\.


--
-- TOC entry 3619 (class 0 OID 16790)
-- Dependencies: 219
-- Data for Name: purchase; Type: TABLE DATA; Schema: public; Owner: postgres
--

COPY public.purchase (p_timestamp, product, s_suppkey) FROM stdin;
2024-11-26 12:48:15.59907	mattress	95
2024-11-26 12:48:16.59907	gloves	28
2024-11-26 12:48:17.59907	gloves	60
2024-11-26 12:48:18.59907	scarf	65
2024-11-26 12:48:19.59907	snowshoes	45
2024-11-26 12:48:20.59907	mattress	70
2024-11-26 12:48:21.59907	boots	2
2024-11-26 12:48:22.59907	boots	80
2024-11-26 12:48:23.59907	skis	76
2024-11-26 12:48:24.59907	tent	89
2024-11-26 12:48:25.59907	tent	29
2024-11-26 12:48:26.59907	tent	54
2024-11-26 12:48:27.59907	raincoat	2
2024-11-26 12:48:28.59907	scarf	67
2024-11-26 12:48:29.59907	headlight	14
2024-11-26 12:48:30.59907	headlight	32
2024-11-26 12:48:31.59907	gloves	3
2024-11-26 12:48:32.59907	mattress	18
2024-11-26 12:48:33.59907	boots	4
2024-11-26 12:48:34.59907	tent	49
2024-11-26 12:48:35.59907	tent	81
2024-11-26 12:48:36.59907	backpack	42
2024-11-26 12:48:37.59907	skis	25
2024-11-26 12:48:38.59907	raincoat	100
2024-11-26 12:48:39.59907	raincoat	3
2024-11-26 12:48:40.59907	mattress	47
2024-11-26 12:48:41.59907	tent	29
2024-11-26 12:48:42.59907	snowshoes	8
2024-11-26 12:48:43.59907	headlight	42
2024-11-26 12:48:44.59907	boots	39
2024-11-26 12:48:45.59907	boots	22
2024-11-26 12:48:46.59907	backpack	23
2024-11-26 12:48:47.59907	skis	44
2024-11-26 12:48:48.59907	headlight	96
2024-11-26 12:48:49.59907	mattress	100
2024-11-26 12:48:50.59907	snowshoes	2
2024-11-26 12:48:51.59907	headlight	4
2024-11-26 12:48:52.59907	mattress	37
2024-11-26 12:48:53.59907	headlight	83
2024-11-26 12:48:54.59907	boots	5
2024-11-26 12:48:55.59907	headlight	62
2024-11-26 12:48:56.59907	headlight	87
2024-11-26 12:48:57.59907	backpack	13
2024-11-26 12:48:58.59907	snowshoes	78
2024-11-26 12:48:59.59907	skis	77
2024-11-26 12:49:00.59907	snowshoes	77
2024-11-26 12:49:01.59907	gloves	57
2024-11-26 12:49:02.59907	mattress	77
2024-11-26 12:49:03.59907	tent	98
2024-11-26 12:49:04.59907	mattress	99
2024-11-26 12:49:05.59907	gloves	5
2024-11-26 12:49:06.59907	snowshoes	1
2024-11-26 12:49:07.59907	gloves	17
2024-11-26 12:49:08.59907	backpack	66
2024-11-26 12:49:09.59907	skis	79
2024-11-26 12:49:10.59907	mattress	21
2024-11-26 12:49:11.59907	tent	33
2024-11-26 12:49:12.59907	snowshoes	89
2024-11-26 12:49:13.59907	snowshoes	11
2024-11-26 12:49:14.59907	mattress	63
2024-11-26 12:49:15.59907	mattress	64
2024-11-26 12:49:16.59907	scarf	30
2024-11-26 12:49:17.59907	scarf	22
2024-11-26 12:49:18.59907	raincoat	44
2024-11-26 12:49:19.59907	boots	87
2024-11-26 12:49:20.59907	boots	74
2024-11-26 12:49:21.59907	mattress	87
2024-11-26 12:49:22.59907	boots	42
2024-11-26 12:49:23.59907	raincoat	81
2024-11-26 12:49:24.59907	snowshoes	4
2024-11-26 12:49:25.59907	gloves	66
2024-11-26 12:49:26.59907	scarf	6
2024-11-26 12:49:27.59907	raincoat	21
2024-11-26 12:49:28.59907	tent	21
2024-11-26 12:49:29.59907	boots	48
2024-11-26 12:49:30.59907	snowshoes	85
2024-11-26 12:49:31.59907	gloves	23
2024-11-26 12:49:32.59907	skis	17
2024-11-26 12:49:33.59907	snowshoes	78
2024-11-26 12:49:34.59907	raincoat	99
2024-11-26 12:49:35.59907	skis	34
2024-11-26 12:49:36.59907	backpack	1
2024-11-26 12:49:37.59907	raincoat	7
2024-11-26 12:49:38.59907	snowshoes	65
2024-11-26 12:49:39.59907	scarf	9
2024-11-26 12:49:40.59907	snowshoes	9
2024-11-26 12:49:41.59907	snowshoes	98
2024-11-26 12:49:42.59907	headlight	20
2024-11-26 12:49:43.59907	headlight	60
2024-11-26 12:49:44.59907	raincoat	2
2024-11-26 12:49:45.59907	skis	49
2024-11-26 12:49:46.59907	mattress	78
2024-11-26 12:49:47.59907	mattress	52
2024-11-26 12:49:48.59907	mattress	23
2024-11-26 12:49:49.59907	headlight	3
2024-11-26 12:49:50.59907	tent	46
2024-11-26 12:49:51.59907	headlight	15
2024-11-26 12:49:52.59907	tent	29
2024-11-26 12:49:53.59907	boots	74
2024-11-26 12:49:54.59907	snowshoes	55
2024-11-26 12:49:55.59907	gloves	57
2024-11-26 12:49:56.59907	tent	42
2024-11-26 12:49:57.59907	raincoat	34
2024-11-26 12:49:58.59907	snowshoes	9
2024-11-26 12:49:59.59907	headlight	76
2024-11-26 12:50:00.59907	mattress	33
2024-11-26 12:50:01.59907	skis	60
2024-11-26 12:50:02.59907	raincoat	15
2024-11-26 12:50:03.59907	tent	54
2024-11-26 12:50:04.59907	raincoat	56
2024-11-26 12:50:05.59907	raincoat	89
2024-11-26 12:50:06.59907	gloves	62
2024-11-26 12:50:07.59907	tent	50
2024-11-26 12:50:08.59907	mattress	6
2024-11-26 12:50:09.59907	mattress	52
2024-11-26 12:50:10.59907	tent	26
2024-11-26 12:50:11.59907	scarf	72
2024-11-26 12:50:12.59907	tent	42
2024-11-26 12:50:13.59907	skis	64
2024-11-26 12:50:14.59907	gloves	7
2024-11-26 12:50:15.59907	raincoat	33
2024-11-26 12:50:16.59907	skis	75
2024-11-26 12:50:17.59907	mattress	9
2024-11-26 12:50:18.59907	backpack	58
2024-11-26 12:50:19.59907	headlight	13
2024-11-26 12:50:20.59907	skis	56
2024-11-26 12:50:21.59907	raincoat	75
2024-11-26 12:50:22.59907	scarf	76
2024-11-26 12:50:23.59907	boots	21
2024-11-26 12:50:24.59907	gloves	44
2024-11-26 12:50:25.59907	headlight	52
2024-11-26 12:50:26.59907	scarf	10
2024-11-26 12:50:27.59907	mattress	17
2024-11-26 12:50:28.59907	raincoat	18
2024-11-26 12:50:29.59907	scarf	73
2024-11-26 12:50:30.59907	gloves	69
2024-11-26 12:50:31.59907	mattress	95
2024-11-26 12:50:32.59907	headlight	43
2024-11-26 12:50:33.59907	backpack	30
2024-11-26 12:50:34.59907	scarf	95
2024-11-26 12:50:35.59907	snowshoes	39
2024-11-26 12:50:36.59907	tent	3
2024-11-26 12:50:37.59907	headlight	6
2024-11-26 12:50:38.59907	mattress	58
2024-11-26 12:50:39.59907	tent	49
2024-11-26 12:50:40.59907	raincoat	50
2024-11-26 12:50:41.59907	backpack	49
2024-11-26 12:50:42.59907	headlight	81
2024-11-26 12:50:43.59907	scarf	73
2024-11-26 12:50:44.59907	snowshoes	68
2024-11-26 12:50:45.59907	backpack	42
2024-11-26 12:50:46.59907	skis	97
2024-11-26 12:50:47.59907	mattress	46
2024-11-26 12:50:48.59907	raincoat	47
2024-11-26 12:50:49.59907	boots	12
2024-11-26 12:50:50.59907	gloves	32
2024-11-26 12:50:51.59907	tent	98
2024-11-26 12:50:52.59907	skis	10
2024-11-26 12:50:53.59907	scarf	3
2024-11-26 12:50:54.59907	backpack	31
2024-11-26 12:50:55.59907	boots	54
2024-11-26 12:50:56.59907	snowshoes	22
2024-11-26 12:50:57.59907	backpack	66
2024-11-26 12:50:58.59907	boots	13
2024-11-26 12:50:59.59907	headlight	19
2024-11-26 12:51:00.59907	boots	5
2024-11-26 12:51:01.59907	gloves	20
2024-11-26 12:51:02.59907	tent	92
2024-11-26 12:51:03.59907	skis	88
2024-11-26 12:51:04.59907	backpack	72
2024-11-26 12:51:05.59907	mattress	81
2024-11-26 12:51:06.59907	boots	1
2024-11-26 12:51:07.59907	mattress	70
2024-11-26 12:51:08.59907	boots	1
2024-11-26 12:51:09.59907	boots	100
2024-11-26 12:51:10.59907	snowshoes	2
2024-11-26 12:51:11.59907	tent	76
2024-11-26 12:51:12.59907	skis	45
2024-11-26 12:51:13.59907	gloves	86
2024-11-26 12:51:14.59907	scarf	19
2024-11-26 12:51:15.59907	headlight	6
2024-11-26 12:51:16.59907	backpack	95
2024-11-26 12:51:17.59907	raincoat	68
2024-11-26 12:51:18.59907	raincoat	24
2024-11-26 12:51:19.59907	raincoat	18
2024-11-26 12:51:20.59907	snowshoes	32
2024-11-26 12:51:21.59907	tent	2
2024-11-26 12:51:22.59907	snowshoes	33
2024-11-26 12:51:23.59907	skis	63
2024-11-26 12:51:24.59907	mattress	89
2024-11-26 12:51:25.59907	skis	80
2024-11-26 12:51:26.59907	headlight	92
2024-11-26 12:51:27.59907	scarf	73
2024-11-26 12:51:28.59907	tent	77
2024-11-26 12:51:29.59907	backpack	43
2024-11-26 12:51:30.59907	skis	95
2024-11-26 12:51:31.59907	mattress	64
2024-11-26 12:51:32.59907	mattress	3
2024-11-26 12:51:33.59907	scarf	60
2024-11-26 12:51:34.59907	boots	66
2024-11-26 12:51:35.59907	gloves	66
2024-11-26 12:51:36.59907	raincoat	68
2024-11-26 12:51:37.59907	scarf	48
2024-11-26 12:51:38.59907	skis	95
2024-11-26 12:51:39.59907	gloves	79
2024-11-26 12:51:40.59907	skis	30
2024-11-26 12:51:41.59907	scarf	7
2024-11-26 12:51:42.59907	skis	85
2024-11-26 12:51:43.59907	raincoat	71
2024-11-26 12:51:44.59907	headlight	8
2024-11-26 12:51:45.59907	skis	55
2024-11-26 12:51:46.59907	gloves	65
2024-11-26 12:51:47.59907	raincoat	21
2024-11-26 12:51:48.59907	scarf	71
2024-11-26 12:51:49.59907	headlight	80
2024-11-26 12:51:50.59907	headlight	22
2024-11-26 12:51:51.59907	boots	80
2024-11-26 12:51:52.59907	skis	22
2024-11-26 12:51:53.59907	snowshoes	34
2024-11-26 12:51:54.59907	boots	95
2024-11-26 12:51:55.59907	scarf	31
2024-11-26 12:51:56.59907	headlight	67
2024-11-26 12:51:57.59907	mattress	44
2024-11-26 12:51:58.59907	scarf	37
2024-11-26 12:51:59.59907	tent	80
2024-11-26 12:52:00.59907	skis	79
2024-11-26 12:52:01.59907	scarf	81
2024-11-26 12:52:02.59907	mattress	40
2024-11-26 12:52:03.59907	gloves	57
2024-11-26 12:52:04.59907	gloves	99
2024-11-26 12:52:05.59907	skis	17
2024-11-26 12:52:06.59907	boots	50
2024-11-26 12:52:07.59907	gloves	16
2024-11-26 12:52:08.59907	mattress	65
2024-11-26 12:52:09.59907	headlight	23
2024-11-26 12:52:10.59907	headlight	63
2024-11-26 12:52:11.59907	scarf	70
2024-11-26 12:52:12.59907	snowshoes	6
2024-11-26 12:52:13.59907	snowshoes	21
2024-11-26 12:52:14.59907	headlight	93
2024-11-26 12:52:15.59907	mattress	71
2024-11-26 12:52:16.59907	boots	11
2024-11-26 12:52:17.59907	gloves	48
2024-11-26 12:52:18.59907	snowshoes	25
2024-11-26 12:52:19.59907	gloves	22
2024-11-26 12:52:20.59907	backpack	51
2024-11-26 12:52:21.59907	scarf	93
2024-11-26 12:52:22.59907	mattress	22
2024-11-26 12:52:23.59907	headlight	59
2024-11-26 12:52:24.59907	boots	31
2024-11-26 12:52:25.59907	scarf	95
2024-11-26 12:52:26.59907	backpack	26
2024-11-26 12:52:27.59907	snowshoes	38
2024-11-26 12:52:28.59907	scarf	85
2024-11-26 12:52:29.59907	snowshoes	1
2024-11-26 12:52:30.59907	headlight	17
2024-11-26 12:52:31.59907	tent	16
2024-11-26 12:52:32.59907	headlight	45
2024-11-26 12:52:33.59907	skis	32
2024-11-26 12:52:34.59907	snowshoes	94
2024-11-26 12:52:35.59907	headlight	10
2024-11-26 12:52:36.59907	mattress	34
2024-11-26 12:52:37.59907	skis	97
2024-11-26 12:52:38.59907	raincoat	96
2024-11-26 12:52:39.59907	gloves	11
2024-11-26 12:52:40.59907	raincoat	37
2024-11-26 12:52:41.59907	headlight	45
2024-11-26 12:52:42.59907	gloves	5
2024-11-26 12:52:43.59907	gloves	7
2024-11-26 12:52:44.59907	mattress	39
2024-11-26 12:52:45.59907	snowshoes	89
2024-11-26 12:52:46.59907	headlight	20
2024-11-26 12:52:47.59907	headlight	61
2024-11-26 12:52:48.59907	boots	84
2024-11-26 12:52:49.59907	mattress	84
2024-11-26 12:52:50.59907	headlight	15
2024-11-26 12:52:51.59907	raincoat	76
2024-11-26 12:52:52.59907	skis	55
2024-11-26 12:52:53.59907	scarf	40
2024-11-26 12:52:54.59907	backpack	45
2024-11-26 12:52:55.59907	backpack	14
2024-11-26 12:52:56.59907	raincoat	95
2024-11-26 12:52:57.59907	snowshoes	40
2024-11-26 12:52:58.59907	mattress	76
2024-11-26 12:52:59.59907	tent	71
2024-11-26 12:53:00.59907	gloves	55
2024-11-26 12:53:01.59907	gloves	85
2024-11-26 12:53:02.59907	gloves	10
2024-11-26 12:53:03.59907	skis	30
2024-11-26 12:53:04.59907	boots	12
2024-11-26 12:53:05.59907	gloves	31
2024-11-26 12:53:06.59907	skis	61
2024-11-26 12:53:07.59907	mattress	71
2024-11-26 12:53:08.59907	backpack	54
2024-11-26 12:53:09.59907	raincoat	77
2024-11-26 12:53:10.59907	scarf	69
2024-11-26 12:53:11.59907	mattress	16
2024-11-26 12:53:12.59907	scarf	29
2024-11-26 12:53:13.59907	backpack	59
2024-11-26 12:53:14.59907	snowshoes	76
2024-11-26 12:53:15.59907	backpack	27
2024-11-26 12:53:16.59907	mattress	41
2024-11-26 12:53:17.59907	snowshoes	52
2024-11-26 12:53:18.59907	mattress	55
2024-11-26 12:53:19.59907	boots	67
2024-11-26 12:53:20.59907	skis	5
2024-11-26 12:53:21.59907	skis	59
2024-11-26 12:53:22.59907	boots	65
2024-11-26 12:53:23.59907	skis	13
2024-11-26 12:53:24.59907	mattress	2
2024-11-26 12:53:25.59907	boots	100
2024-11-26 12:53:26.59907	mattress	90
2024-11-26 12:53:27.59907	headlight	56
2024-11-26 12:53:28.59907	skis	97
2024-11-26 12:53:29.59907	skis	32
2024-11-26 12:53:30.59907	scarf	13
2024-11-26 12:53:31.59907	scarf	47
2024-11-26 12:53:32.59907	backpack	85
2024-11-26 12:53:33.59907	gloves	8
2024-11-26 12:53:34.59907	raincoat	44
2024-11-26 12:53:35.59907	tent	28
2024-11-26 12:53:36.59907	boots	15
2024-11-26 12:53:37.59907	headlight	64
2024-11-26 12:53:38.59907	skis	44
2024-11-26 12:53:39.59907	backpack	67
2024-11-26 12:53:40.59907	backpack	64
2024-11-26 12:53:41.59907	snowshoes	74
2024-11-26 12:53:42.59907	gloves	38
2024-11-26 12:53:43.59907	tent	2
2024-11-26 12:53:44.59907	headlight	38
2024-11-26 12:53:45.59907	backpack	49
2024-11-26 12:53:46.59907	scarf	3
2024-11-26 12:53:47.59907	boots	43
2024-11-26 12:53:48.59907	tent	73
2024-11-26 12:53:49.59907	mattress	12
2024-11-26 12:53:50.59907	headlight	86
2024-11-26 12:53:51.59907	gloves	42
2024-11-26 12:53:52.59907	snowshoes	86
2024-11-26 12:53:53.59907	gloves	99
2024-11-26 12:53:54.59907	raincoat	16
2024-11-26 12:53:55.59907	headlight	36
2024-11-26 12:53:56.59907	boots	10
2024-11-26 12:53:57.59907	raincoat	72
2024-11-26 12:53:58.59907	skis	83
2024-11-26 12:53:59.59907	backpack	35
2024-11-26 12:54:00.59907	skis	18
2024-11-26 12:54:01.59907	headlight	88
2024-11-26 12:54:02.59907	snowshoes	59
2024-11-26 12:54:03.59907	backpack	41
2024-11-26 12:54:04.59907	skis	37
2024-11-26 12:54:05.59907	headlight	12
2024-11-26 12:54:06.59907	gloves	99
2024-11-26 12:54:07.59907	tent	74
2024-11-26 12:54:08.59907	mattress	87
2024-11-26 12:54:09.59907	boots	3
2024-11-26 12:54:10.59907	tent	98
2024-11-26 12:54:11.59907	snowshoes	19
2024-11-26 12:54:12.59907	mattress	8
2024-11-26 12:54:13.59907	skis	85
2024-11-26 12:54:14.59907	raincoat	78
2024-11-26 12:54:15.59907	skis	34
2024-11-26 12:54:16.59907	backpack	69
2024-11-26 12:54:17.59907	gloves	90
2024-11-26 12:54:18.59907	skis	8
2024-11-26 12:54:19.59907	mattress	57
2024-11-26 12:54:20.59907	scarf	33
2024-11-26 12:54:21.59907	scarf	2
2024-11-26 12:54:22.59907	raincoat	33
2024-11-26 12:54:23.59907	tent	1
2024-11-26 12:54:24.59907	tent	31
2024-11-26 12:54:25.59907	backpack	3
2024-11-26 12:54:26.59907	tent	22
2024-11-26 12:54:27.59907	backpack	69
2024-11-26 12:54:28.59907	tent	16
2024-11-26 12:54:29.59907	headlight	9
2024-11-26 12:54:30.59907	skis	30
2024-11-26 12:54:31.59907	backpack	34
2024-11-26 12:54:32.59907	skis	58
2024-11-26 12:54:33.59907	headlight	92
2024-11-26 12:54:34.59907	scarf	70
2024-11-26 12:54:35.59907	skis	91
2024-11-26 12:54:36.59907	scarf	90
2024-11-26 12:54:37.59907	backpack	31
2024-11-26 12:54:38.59907	backpack	16
2024-11-26 12:54:39.59907	headlight	15
2024-11-26 12:54:40.59907	mattress	57
2024-11-26 12:54:41.59907	headlight	17
2024-11-26 12:54:42.59907	skis	99
2024-11-26 12:54:43.59907	snowshoes	75
2024-11-26 12:54:44.59907	backpack	34
2024-11-26 12:54:45.59907	raincoat	74
2024-11-26 12:54:46.59907	gloves	28
2024-11-26 12:54:47.59907	boots	75
2024-11-26 12:54:48.59907	gloves	54
2024-11-26 12:54:49.59907	backpack	66
2024-11-26 12:54:50.59907	boots	68
2024-11-26 12:54:51.59907	gloves	50
2024-11-26 12:54:52.59907	boots	57
2024-11-26 12:54:53.59907	gloves	20
2024-11-26 12:54:54.59907	raincoat	63
2024-11-26 12:54:55.59907	raincoat	62
2024-11-26 12:54:56.59907	raincoat	18
2024-11-26 12:54:57.59907	skis	80
2024-11-26 12:54:58.59907	raincoat	73
2024-11-26 12:54:59.59907	mattress	35
2024-11-26 12:55:00.59907	tent	64
2024-11-26 12:55:01.59907	tent	95
2024-11-26 12:55:02.59907	scarf	96
2024-11-26 12:55:03.59907	mattress	96
2024-11-26 12:55:04.59907	tent	60
2024-11-26 12:55:05.59907	snowshoes	92
2024-11-26 12:55:06.59907	mattress	34
2024-11-26 12:55:07.59907	gloves	64
2024-11-26 12:55:08.59907	backpack	21
2024-11-26 12:55:09.59907	headlight	10
2024-11-26 12:55:10.59907	backpack	2
2024-11-26 12:55:11.59907	scarf	41
2024-11-26 12:55:12.59907	boots	55
2024-11-26 12:55:13.59907	scarf	86
2024-11-26 12:55:14.59907	tent	46
2024-11-26 12:55:15.59907	scarf	12
2024-11-26 12:55:16.59907	tent	52
2024-11-26 12:55:17.59907	tent	18
2024-11-26 12:55:18.59907	gloves	53
2024-11-26 12:55:19.59907	skis	41
2024-11-26 12:55:20.59907	mattress	76
2024-11-26 12:55:21.59907	backpack	4
2024-11-26 12:55:22.59907	boots	54
2024-11-26 12:55:23.59907	boots	45
2024-11-26 12:55:24.59907	skis	23
2024-11-26 12:55:25.59907	mattress	53
2024-11-26 12:55:26.59907	snowshoes	61
2024-11-26 12:55:27.59907	backpack	5
2024-11-26 12:55:28.59907	headlight	85
2024-11-26 12:55:29.59907	snowshoes	1
2024-11-26 12:55:30.59907	mattress	15
2024-11-26 12:55:31.59907	scarf	60
2024-11-26 12:55:32.59907	snowshoes	70
2024-11-26 12:55:33.59907	backpack	12
2024-11-26 12:55:34.59907	scarf	19
2024-11-26 12:55:35.59907	raincoat	51
2024-11-26 12:55:36.59907	snowshoes	11
2024-11-26 12:55:37.59907	backpack	83
2024-11-26 12:55:38.59907	gloves	56
2024-11-26 12:55:39.59907	skis	27
2024-11-26 12:55:40.59907	snowshoes	51
2024-11-26 12:55:41.59907	mattress	15
2024-11-26 12:55:42.59907	backpack	22
2024-11-26 12:55:43.59907	skis	72
2024-11-26 12:55:44.59907	headlight	31
2024-11-26 12:55:45.59907	scarf	23
2024-11-26 12:55:46.59907	gloves	22
2024-11-26 12:55:47.59907	mattress	99
2024-11-26 12:55:48.59907	headlight	54
2024-11-26 12:55:49.59907	boots	21
2024-11-26 12:55:50.59907	mattress	83
2024-11-26 12:55:51.59907	backpack	47
2024-11-26 12:55:52.59907	mattress	52
2024-11-26 12:55:53.59907	scarf	65
2024-11-26 12:55:54.59907	tent	36
2024-11-26 12:55:55.59907	boots	77
2024-11-26 12:55:56.59907	mattress	65
2024-11-26 12:55:57.59907	boots	46
2024-11-26 12:55:58.59907	boots	18
2024-11-26 12:55:59.59907	tent	57
2024-11-26 12:56:00.59907	tent	64
2024-11-26 12:56:01.59907	skis	21
2024-11-26 12:56:02.59907	headlight	37
2024-11-26 12:56:03.59907	raincoat	37
2024-11-26 12:56:04.59907	tent	95
2024-11-26 12:56:05.59907	backpack	41
2024-11-26 12:56:06.59907	scarf	3
2024-11-26 12:56:07.59907	backpack	53
2024-11-26 12:56:08.59907	headlight	66
2024-11-26 12:56:09.59907	scarf	84
2024-11-26 12:56:10.59907	snowshoes	85
2024-11-26 12:56:11.59907	gloves	6
2024-11-26 12:56:12.59907	backpack	74
2024-11-26 12:56:13.59907	headlight	59
2024-11-26 12:56:14.59907	raincoat	8
2024-11-26 12:56:15.59907	boots	45
2024-11-26 12:56:16.59907	raincoat	52
2024-11-26 12:56:17.59907	headlight	44
2024-11-26 12:56:18.59907	gloves	35
2024-11-26 12:56:19.59907	tent	99
2024-11-26 12:56:20.59907	boots	67
2024-11-26 12:56:21.59907	mattress	3
2024-11-26 12:56:22.59907	gloves	44
2024-11-26 12:56:23.59907	gloves	25
2024-11-26 12:56:24.59907	backpack	7
2024-11-26 12:56:25.59907	raincoat	45
2024-11-26 12:56:26.59907	mattress	100
2024-11-26 12:56:27.59907	gloves	67
2024-11-26 12:56:28.59907	scarf	57
2024-11-26 12:56:29.59907	scarf	3
2024-11-26 12:56:30.59907	backpack	71
2024-11-26 12:56:31.59907	boots	6
2024-11-26 12:56:32.59907	tent	89
2024-11-26 12:56:33.59907	boots	64
2024-11-26 12:56:34.59907	boots	60
2024-11-26 12:56:35.59907	boots	83
2024-11-26 12:56:36.59907	skis	4
2024-11-26 12:56:37.59907	mattress	10
2024-11-26 12:56:38.59907	mattress	88
2024-11-26 12:56:39.59907	boots	61
2024-11-26 12:56:40.59907	raincoat	20
2024-11-26 12:56:41.59907	scarf	16
2024-11-26 12:56:42.59907	backpack	6
2024-11-26 12:56:43.59907	mattress	80
2024-11-26 12:56:44.59907	snowshoes	55
2024-11-26 12:56:45.59907	scarf	94
2024-11-26 12:56:46.59907	backpack	49
2024-11-26 12:56:47.59907	skis	82
2024-11-26 12:56:48.59907	snowshoes	38
2024-11-26 12:56:49.59907	snowshoes	17
2024-11-26 12:56:50.59907	gloves	98
2024-11-26 12:56:51.59907	skis	50
2024-11-26 12:56:52.59907	mattress	80
2024-11-26 12:56:53.59907	tent	40
2024-11-26 12:56:54.59907	skis	58
2024-11-26 12:56:55.59907	gloves	16
2024-11-26 12:56:56.59907	backpack	72
2024-11-26 12:56:57.59907	headlight	12
2024-11-26 12:56:58.59907	raincoat	62
2024-11-26 12:56:59.59907	gloves	10
2024-11-26 12:57:00.59907	skis	8
2024-11-26 12:57:01.59907	headlight	65
2024-11-26 12:57:02.59907	mattress	81
2024-11-26 12:57:03.59907	backpack	75
2024-11-26 12:57:04.59907	backpack	100
2024-11-26 12:57:05.59907	raincoat	28
2024-11-26 12:57:06.59907	tent	4
2024-11-26 12:57:07.59907	backpack	4
2024-11-26 12:57:08.59907	raincoat	12
2024-11-26 12:57:09.59907	scarf	22
2024-11-26 12:57:10.59907	raincoat	91
2024-11-26 12:57:11.59907	scarf	57
2024-11-26 12:57:12.59907	gloves	6
2024-11-26 12:57:13.59907	gloves	62
2024-11-26 12:57:14.59907	snowshoes	47
2024-11-26 12:57:15.59907	snowshoes	40
2024-11-26 12:57:16.59907	mattress	61
2024-11-26 12:57:17.59907	headlight	89
2024-11-26 12:57:18.59907	headlight	62
2024-11-26 12:57:19.59907	tent	65
2024-11-26 12:57:20.59907	tent	81
2024-11-26 12:57:21.59907	boots	97
2024-11-26 12:57:22.59907	snowshoes	56
2024-11-26 12:57:23.59907	headlight	90
2024-11-26 12:57:24.59907	boots	87
2024-11-26 12:57:25.59907	skis	25
2024-11-26 12:57:26.59907	raincoat	6
2024-11-26 12:57:27.59907	raincoat	8
2024-11-26 12:57:28.59907	gloves	33
2024-11-26 12:57:29.59907	boots	42
2024-11-26 12:57:30.59907	boots	40
2024-11-26 12:57:31.59907	gloves	17
2024-11-26 12:57:32.59907	raincoat	74
2024-11-26 12:57:33.59907	raincoat	38
2024-11-26 12:57:34.59907	gloves	57
2024-11-26 12:57:35.59907	tent	8
2024-11-26 12:57:36.59907	tent	5
2024-11-26 12:57:37.59907	skis	82
2024-11-26 12:57:38.59907	scarf	61
2024-11-26 12:57:39.59907	backpack	27
2024-11-26 12:57:40.59907	raincoat	43
2024-11-26 12:57:41.59907	snowshoes	74
2024-11-26 12:57:42.59907	boots	69
2024-11-26 12:57:43.59907	tent	45
2024-11-26 12:57:44.59907	gloves	5
2024-11-26 12:57:45.59907	boots	94
2024-11-26 12:57:46.59907	skis	5
2024-11-26 12:57:47.59907	boots	48
2024-11-26 12:57:48.59907	skis	84
2024-11-26 12:57:49.59907	tent	22
2024-11-26 12:57:50.59907	skis	20
2024-11-26 12:57:51.59907	gloves	91
2024-11-26 12:57:52.59907	scarf	10
2024-11-26 12:57:53.59907	mattress	72
2024-11-26 12:57:54.59907	headlight	89
2024-11-26 12:57:55.59907	skis	4
2024-11-26 12:57:56.59907	raincoat	27
2024-11-26 12:57:57.59907	backpack	78
2024-11-26 12:57:58.59907	boots	62
2024-11-26 12:57:59.59907	mattress	50
2024-11-26 12:58:00.59907	raincoat	21
2024-11-26 12:58:01.59907	skis	60
2024-11-26 12:58:02.59907	raincoat	48
2024-11-26 12:58:03.59907	boots	66
2024-11-26 12:58:04.59907	headlight	94
2024-11-26 12:58:05.59907	backpack	47
2024-11-26 12:58:06.59907	tent	47
2024-11-26 12:58:07.59907	gloves	89
2024-11-26 12:58:08.59907	backpack	43
2024-11-26 12:58:09.59907	boots	52
2024-11-26 12:58:10.59907	scarf	50
2024-11-26 12:58:11.59907	skis	20
2024-11-26 12:58:12.59907	gloves	87
2024-11-26 12:58:13.59907	boots	19
2024-11-26 12:58:14.59907	gloves	63
2024-11-26 12:58:15.59907	skis	18
2024-11-26 12:58:16.59907	boots	33
2024-11-26 12:58:17.59907	tent	71
2024-11-26 12:58:18.59907	scarf	27
2024-11-26 12:58:19.59907	boots	35
2024-11-26 12:58:20.59907	raincoat	1
2024-11-26 12:58:21.59907	gloves	83
2024-11-26 12:58:22.59907	mattress	38
2024-11-26 12:58:23.59907	snowshoes	32
2024-11-26 12:58:24.59907	gloves	18
2024-11-26 12:58:25.59907	boots	36
2024-11-26 12:58:26.59907	headlight	40
2024-11-26 12:58:27.59907	scarf	78
2024-11-26 12:58:28.59907	headlight	32
2024-11-26 12:58:29.59907	backpack	70
2024-11-26 12:58:30.59907	backpack	37
2024-11-26 12:58:31.59907	snowshoes	26
2024-11-26 12:58:32.59907	boots	58
2024-11-26 12:58:33.59907	scarf	10
2024-11-26 12:58:34.59907	snowshoes	53
2024-11-26 12:58:35.59907	backpack	43
2024-11-26 12:58:36.59907	mattress	62
2024-11-26 12:58:37.59907	skis	19
2024-11-26 12:58:38.59907	raincoat	71
2024-11-26 12:58:39.59907	backpack	53
2024-11-26 12:58:40.59907	gloves	41
2024-11-26 12:58:41.59907	mattress	55
2024-11-26 12:58:42.59907	mattress	93
2024-11-26 12:47:11.59907	tent	14
2024-11-26 12:47:12.59907	snowshoes	10
2024-11-26 12:47:13.59907	tent	8
2024-11-26 12:47:14.59907	gloves	2
2024-11-26 12:47:15.59907	snowshoes	99
2024-11-26 12:47:16.59907	skis	82
2024-11-26 12:47:17.59907	headlight	29
2024-11-26 12:47:18.59907	headlight	77
2024-11-26 12:47:19.59907	boots	92
2024-11-26 12:47:20.59907	gloves	5
2024-11-26 12:47:21.59907	boots	31
2024-11-26 12:47:22.59907	boots	54
2024-11-26 12:47:23.59907	backpack	60
2024-11-26 12:47:24.59907	scarf	10
2024-11-26 12:47:25.59907	headlight	4
2024-11-26 12:47:26.59907	raincoat	65
2024-11-26 12:47:27.59907	mattress	5
2024-11-26 12:47:28.59907	tent	14
2024-11-26 12:47:29.59907	scarf	25
2024-11-26 12:47:30.59907	boots	59
2024-11-26 12:47:31.59907	snowshoes	18
2024-11-26 12:47:32.59907	headlight	3
2024-11-26 12:47:33.59907	scarf	3
2024-11-26 12:47:34.59907	snowshoes	46
2024-11-26 12:47:35.59907	raincoat	73
2024-11-26 12:47:36.59907	backpack	42
2024-11-26 12:47:37.59907	backpack	31
2024-11-26 12:47:38.59907	headlight	99
2024-11-26 12:47:39.59907	tent	21
2024-11-26 12:47:40.59907	raincoat	95
2024-11-26 12:47:41.59907	scarf	61
2024-11-26 12:47:42.59907	tent	23
2024-11-26 12:47:43.59907	skis	43
2024-11-26 12:47:44.59907	gloves	85
2024-11-26 12:47:45.59907	skis	71
2024-11-26 12:47:46.59907	mattress	72
2024-11-26 12:47:47.59907	scarf	100
2024-11-26 12:47:48.59907	boots	15
2024-11-26 12:47:49.59907	tent	34
2024-11-26 12:47:50.59907	headlight	10
2024-11-26 12:47:51.59907	raincoat	13
2024-11-26 12:47:52.59907	snowshoes	10
2024-11-26 12:47:53.59907	snowshoes	58
2024-11-26 12:47:54.59907	raincoat	74
2024-11-26 12:47:55.59907	mattress	77
2024-11-26 12:47:56.59907	raincoat	80
2024-11-26 12:47:57.59907	mattress	84
2024-11-26 12:47:58.59907	headlight	61
2024-11-26 12:47:59.59907	raincoat	64
2024-11-26 12:48:00.59907	raincoat	5
2024-11-26 12:48:01.59907	headlight	7
2024-11-26 12:48:02.59907	backpack	79
2024-11-26 12:48:03.59907	boots	43
2024-11-26 12:48:04.59907	snowshoes	38
2024-11-26 12:48:05.59907	raincoat	4
2024-11-26 12:48:06.59907	boots	84
2024-11-26 12:48:07.59907	headlight	37
2024-11-26 12:48:08.59907	tent	30
2024-11-26 12:48:09.59907	raincoat	19
2024-11-26 12:48:10.59907	gloves	55
2024-11-26 12:48:11.59907	mattress	15
2024-11-26 12:48:12.59907	backpack	8
2024-11-26 12:48:13.59907	headlight	45
2024-11-26 12:48:14.59907	backpack	59
2024-11-26 12:58:43.59907	gloves	17
2024-11-26 12:58:44.59907	tent	95
2024-11-26 12:58:45.59907	gloves	92
2024-11-26 12:58:46.59907	backpack	10
2024-11-26 12:58:47.59907	raincoat	66
2024-11-26 12:58:48.59907	scarf	13
2024-11-26 12:58:49.59907	gloves	23
2024-11-26 12:58:50.59907	boots	59
2024-11-26 12:58:51.59907	skis	19
2024-11-26 12:58:52.59907	backpack	51
2024-11-26 12:58:53.59907	boots	79
2024-11-26 12:58:54.59907	raincoat	56
2024-11-26 12:58:55.59907	backpack	65
2024-11-26 12:58:56.59907	headlight	34
2024-11-26 12:58:57.59907	raincoat	25
2024-11-26 12:58:58.59907	skis	6
2024-11-26 12:58:59.59907	boots	17
2024-11-26 12:59:00.59907	headlight	34
2024-11-26 12:59:01.59907	scarf	49
2024-11-26 12:59:02.59907	mattress	49
2024-11-26 12:59:03.59907	headlight	44
2024-11-26 12:59:04.59907	tent	29
2024-11-26 12:59:05.59907	skis	92
2024-11-26 12:59:06.59907	mattress	27
2024-11-26 12:59:07.59907	boots	84
2024-11-26 12:59:08.59907	scarf	33
2024-11-26 12:59:09.59907	boots	100
2024-11-26 12:59:10.59907	backpack	52
2024-11-26 12:59:11.59907	tent	76
2024-11-26 12:59:12.59907	skis	96
2024-11-26 12:59:13.59907	scarf	82
2024-11-26 12:59:14.59907	raincoat	75
2024-11-26 12:59:15.59907	backpack	77
2024-11-26 12:59:16.59907	gloves	18
2024-11-26 12:59:17.59907	gloves	58
2024-11-26 12:59:18.59907	tent	24
2024-11-26 12:59:19.59907	gloves	34
2024-11-26 12:59:20.59907	snowshoes	77
2024-11-26 12:59:21.59907	skis	36
2024-11-26 12:59:22.59907	headlight	70
2024-11-26 12:59:23.59907	boots	48
2024-11-26 12:59:24.59907	backpack	88
2024-11-26 12:59:25.59907	gloves	90
2024-11-26 12:59:26.59907	skis	47
2024-11-26 12:59:27.59907	snowshoes	96
2024-11-26 12:59:28.59907	skis	15
2024-11-26 12:59:29.59907	tent	72
2024-11-26 12:59:30.59907	skis	16
2024-11-26 12:59:31.59907	gloves	77
2024-11-26 12:59:32.59907	boots	72
2024-11-26 12:59:33.59907	backpack	92
2024-11-26 12:59:34.59907	mattress	86
2024-11-26 12:59:35.59907	backpack	50
2024-11-26 12:59:36.59907	tent	92
2024-11-26 12:59:37.59907	gloves	79
2024-11-26 12:59:38.59907	mattress	57
2024-11-26 12:59:39.59907	raincoat	77
2024-11-26 12:59:40.59907	raincoat	20
2024-11-26 12:59:41.59907	scarf	26
2024-11-26 12:59:42.59907	gloves	100
2024-11-26 12:59:43.59907	tent	43
2024-11-26 12:59:44.59907	tent	77
2024-11-26 12:59:45.59907	tent	19
2024-11-26 12:59:46.59907	tent	36
2024-11-26 12:59:47.59907	raincoat	28
2024-11-26 12:59:48.59907	backpack	39
2024-11-26 12:59:49.59907	backpack	58
2024-11-26 12:59:50.59907	boots	29
2024-11-26 12:59:51.59907	snowshoes	74
2024-11-26 12:59:52.59907	headlight	5
2024-11-26 12:59:53.59907	boots	92
2024-11-26 12:59:54.59907	boots	98
2024-11-26 12:59:55.59907	backpack	95
2024-11-26 12:59:56.59907	gloves	78
2024-11-26 12:59:57.59907	backpack	63
2024-11-26 12:59:58.59907	tent	14
2024-11-26 12:59:59.59907	boots	94
2024-11-26 13:00:00.59907	snowshoes	39
2024-11-26 13:00:01.59907	snowshoes	74
2024-11-26 13:00:02.59907	raincoat	14
2024-11-26 13:00:03.59907	boots	12
2024-11-26 13:00:04.59907	raincoat	77
2024-11-26 13:00:05.59907	headlight	65
2024-11-26 13:00:06.59907	headlight	59
2024-11-26 13:00:07.59907	tent	90
2024-11-26 13:00:08.59907	skis	77
2024-11-26 13:00:09.59907	backpack	73
2024-11-26 13:00:10.59907	raincoat	8
2024-11-26 13:00:11.59907	boots	63
2024-11-26 13:00:12.59907	tent	52
2024-11-26 13:00:13.59907	snowshoes	35
2024-11-26 13:00:14.59907	skis	65
2024-11-26 13:00:15.59907	snowshoes	51
2024-11-26 13:00:16.59907	scarf	100
2024-11-26 13:00:17.59907	boots	17
2024-11-26 13:00:18.59907	gloves	8
2024-11-26 13:00:19.59907	mattress	22
2024-11-26 13:00:20.59907	tent	18
2024-11-26 13:00:21.59907	boots	91
2024-11-26 13:00:22.59907	snowshoes	83
2024-11-26 13:00:23.59907	skis	46
2024-11-26 13:00:24.59907	tent	25
2024-11-26 13:00:25.59907	mattress	29
2024-11-26 13:00:26.59907	raincoat	16
2024-11-26 13:00:27.59907	snowshoes	54
2024-11-26 13:00:28.59907	mattress	83
2024-11-26 13:00:29.59907	skis	74
2024-11-26 13:00:30.59907	skis	85
2024-11-26 13:00:31.59907	boots	51
2024-11-26 13:00:32.59907	raincoat	72
2024-11-26 13:00:33.59907	snowshoes	9
2024-11-26 13:00:34.59907	backpack	56
2024-11-26 13:00:35.59907	snowshoes	53
2024-11-26 13:00:36.59907	backpack	100
2024-11-26 13:00:37.59907	raincoat	23
2024-11-26 13:00:38.59907	boots	75
2024-11-26 13:00:39.59907	headlight	85
2024-11-26 13:00:40.59907	skis	33
2024-11-26 13:00:41.59907	boots	100
2024-11-26 13:00:42.59907	headlight	64
2024-11-26 13:00:43.59907	snowshoes	64
2024-11-26 13:00:44.59907	mattress	25
2024-11-26 13:00:45.59907	boots	63
2024-11-26 13:00:46.59907	tent	51
2024-11-26 13:00:47.59907	mattress	36
2024-11-26 13:00:48.59907	skis	100
2024-11-26 13:00:49.59907	scarf	27
2024-11-26 13:00:50.59907	headlight	64
2024-11-26 13:00:51.59907	gloves	48
2024-11-26 13:00:52.59907	backpack	67
2024-11-26 13:00:53.59907	scarf	63
2024-11-26 13:00:54.59907	backpack	56
2024-11-26 13:00:55.59907	scarf	30
2024-11-26 13:00:56.59907	boots	78
2024-11-26 13:00:57.59907	mattress	68
2024-11-26 13:00:58.59907	tent	11
2024-11-26 13:00:59.59907	scarf	70
2024-11-26 13:01:00.59907	gloves	76
2024-11-26 13:01:01.59907	headlight	62
2024-11-26 13:01:02.59907	raincoat	29
2024-11-26 13:01:03.59907	backpack	16
2024-11-26 13:01:04.59907	skis	66
2024-11-26 13:01:05.59907	mattress	24
2024-11-26 13:01:06.59907	snowshoes	92
2024-11-26 13:01:07.59907	tent	43
2024-11-26 13:01:08.59907	raincoat	44
2024-11-26 13:01:09.59907	scarf	56
2024-11-26 13:01:10.59907	backpack	99
2024-11-26 13:01:11.59907	skis	67
2024-11-26 13:01:12.59907	tent	46
2024-11-26 13:01:13.59907	skis	5
2024-11-26 13:01:14.59907	scarf	62
2024-11-26 13:01:15.59907	boots	27
2024-11-26 13:01:16.59907	scarf	52
2024-11-26 13:01:17.59907	tent	64
2024-11-26 13:01:18.59907	gloves	19
2024-11-26 13:01:19.59907	snowshoes	8
2024-11-26 13:01:20.59907	snowshoes	94
2024-11-26 13:01:21.59907	scarf	54
2024-11-26 13:01:22.59907	skis	69
2024-11-26 13:01:23.59907	tent	73
2024-11-26 13:01:24.59907	gloves	21
2024-11-26 13:01:25.59907	boots	84
2024-11-26 13:01:26.59907	headlight	14
2024-11-26 13:01:27.59907	raincoat	73
2024-11-26 13:01:28.59907	raincoat	34
2024-11-26 13:01:29.59907	mattress	53
2024-11-26 13:01:30.59907	skis	37
2024-11-26 13:01:31.59907	tent	79
2024-11-26 13:01:32.59907	mattress	55
2024-11-26 13:01:33.59907	scarf	2
2024-11-26 13:01:34.59907	snowshoes	100
2024-11-26 13:01:35.59907	gloves	56
2024-11-26 13:01:36.59907	skis	77
2024-11-26 13:01:37.59907	skis	82
2024-11-26 13:01:38.59907	tent	82
2024-11-26 13:01:39.59907	gloves	100
2024-11-26 13:01:40.59907	gloves	42
2024-11-26 13:01:41.59907	gloves	81
2024-11-26 13:01:42.59907	gloves	29
2024-11-26 13:01:43.59907	backpack	24
2024-11-26 13:01:44.59907	boots	56
2024-11-26 13:01:45.59907	mattress	99
2024-11-26 13:01:46.59907	mattress	50
2024-11-26 13:01:47.59907	gloves	21
2024-11-26 13:01:48.59907	skis	3
2024-11-26 13:01:49.59907	tent	90
2024-11-26 13:01:50.59907	scarf	50
2024-11-26 13:01:51.59907	boots	9
2024-11-26 13:01:52.59907	backpack	27
2024-11-26 13:01:53.59907	gloves	24
2024-11-26 13:01:54.59907	skis	71
2024-11-26 13:01:55.59907	snowshoes	77
2024-11-26 13:01:56.59907	mattress	99
2024-11-26 13:01:57.59907	backpack	83
2024-11-26 13:01:58.59907	raincoat	52
2024-11-26 13:01:59.59907	backpack	96
2024-11-26 13:02:00.59907	tent	32
2024-11-26 13:02:01.59907	gloves	51
2024-11-26 13:02:02.59907	snowshoes	77
2024-11-26 13:02:03.59907	skis	78
2024-11-26 13:02:04.59907	gloves	31
2024-11-26 13:02:05.59907	skis	23
2024-11-26 13:02:06.59907	tent	27
2024-11-26 13:02:07.59907	boots	53
2024-11-26 13:02:08.59907	scarf	10
2024-11-26 13:02:09.59907	backpack	35
2024-11-26 13:02:10.59907	mattress	74
2024-11-26 13:02:11.59907	mattress	23
2024-11-26 13:02:12.59907	backpack	84
2024-11-26 13:02:13.59907	backpack	90
2024-11-26 13:02:14.59907	boots	46
2024-11-26 13:02:15.59907	skis	30
2024-11-26 13:02:16.59907	snowshoes	58
2024-11-26 13:02:17.59907	gloves	57
2024-11-26 13:02:18.59907	boots	84
2024-11-26 13:02:19.59907	mattress	69
2024-11-26 13:02:20.59907	tent	21
2024-11-26 13:02:21.59907	headlight	67
2024-11-26 13:02:22.59907	boots	41
2024-11-26 13:02:23.59907	backpack	8
2024-11-26 13:02:24.59907	gloves	66
2024-11-26 13:02:25.59907	snowshoes	95
2024-11-26 13:02:26.59907	tent	26
2024-11-26 13:02:27.59907	mattress	49
2024-11-26 13:02:28.59907	backpack	38
2024-11-26 13:02:29.59907	boots	55
2024-11-26 13:02:30.59907	scarf	91
2024-11-26 13:02:31.59907	mattress	56
2024-11-26 13:02:32.59907	mattress	82
2024-11-26 13:02:33.59907	backpack	94
2024-11-26 13:02:34.59907	scarf	73
2024-11-26 13:02:35.59907	skis	1
2024-11-26 13:02:36.59907	raincoat	32
2024-11-26 13:02:37.59907	headlight	28
2024-11-26 13:02:38.59907	tent	3
2024-11-26 13:02:39.59907	backpack	23
2024-11-26 13:02:40.59907	boots	30
2024-11-26 13:02:41.59907	raincoat	36
2024-11-26 13:02:42.59907	snowshoes	47
2024-11-26 13:02:43.59907	skis	86
2024-11-26 13:02:44.59907	headlight	20
2024-11-26 13:02:45.59907	headlight	81
2024-11-26 13:02:46.59907	raincoat	57
2024-11-26 13:02:47.59907	gloves	76
2024-11-26 13:02:48.59907	tent	91
2024-11-26 13:02:49.59907	backpack	92
2024-11-26 13:02:50.59907	snowshoes	1
2024-11-26 13:02:51.59907	snowshoes	18
2024-11-26 13:02:52.59907	snowshoes	17
2024-11-26 13:02:53.59907	snowshoes	14
2024-11-26 13:02:54.59907	raincoat	96
2024-11-26 13:02:55.59907	snowshoes	32
2024-11-26 13:02:56.59907	backpack	79
2024-11-26 13:02:57.59907	skis	28
2024-11-26 13:02:58.59907	tent	94
2024-11-26 13:02:59.59907	scarf	35
2024-11-26 13:03:00.59907	skis	55
2024-11-26 13:03:01.59907	skis	47
2024-11-26 13:03:02.59907	backpack	32
2024-11-26 13:03:03.59907	skis	19
2024-11-26 13:03:04.59907	headlight	4
2024-11-26 13:03:05.59907	mattress	31
2024-11-26 13:03:06.59907	boots	87
2024-11-26 13:03:07.59907	backpack	45
2024-11-26 13:03:08.59907	tent	77
2024-11-26 13:03:09.59907	tent	74
2024-11-26 13:03:10.59907	raincoat	98
2024-11-26 13:03:11.59907	raincoat	77
2024-11-26 13:03:12.59907	headlight	90
2024-11-26 13:03:13.59907	skis	25
2024-11-26 13:03:14.59907	raincoat	73
2024-11-26 13:03:15.59907	backpack	56
2024-11-26 13:03:16.59907	skis	2
2024-11-26 13:03:17.59907	skis	63
2024-11-26 13:03:18.59907	backpack	77
2024-11-26 13:03:19.59907	gloves	86
2024-11-26 13:03:20.59907	gloves	55
2024-11-26 13:03:21.59907	tent	54
2024-11-26 13:03:22.59907	scarf	31
2024-11-26 13:03:23.59907	headlight	29
2024-11-26 13:03:24.59907	scarf	95
2024-11-26 13:03:25.59907	skis	42
2024-11-26 13:03:26.59907	scarf	88
2024-11-26 13:03:27.59907	raincoat	71
2024-11-26 13:03:28.59907	boots	87
2024-11-26 13:03:29.59907	snowshoes	69
2024-11-26 13:03:30.59907	gloves	14
2024-11-26 13:03:31.59907	tent	18
2024-11-26 13:03:32.59907	snowshoes	80
2024-11-26 13:03:33.59907	boots	35
2024-11-26 13:03:34.59907	boots	80
2024-11-26 13:03:35.59907	backpack	33
2024-11-26 13:03:36.59907	gloves	68
2024-11-26 13:03:37.59907	raincoat	58
2024-11-26 13:03:38.59907	mattress	41
2024-11-26 13:03:39.59907	tent	85
2024-11-26 13:03:40.59907	snowshoes	51
2024-11-26 13:03:41.59907	boots	50
2024-11-26 13:03:42.59907	tent	57
2024-11-26 13:03:43.59907	scarf	81
2024-11-26 13:03:44.59907	mattress	28
2024-11-26 13:03:45.59907	boots	93
2024-11-26 13:03:46.59907	headlight	82
2024-11-26 13:03:47.59907	tent	100
2024-11-26 13:03:48.59907	scarf	70
2024-11-26 13:03:49.59907	scarf	59
2024-11-26 13:03:50.59907	raincoat	41
\.


--
-- TOC entry 3618 (class 0 OID 16783)
-- Dependencies: 218
-- Data for Name: suppliers; Type: TABLE DATA; Schema: public; Owner: postgres
--

COPY public.suppliers (s_suppkey, s_name, s_address, s_nationkey, s_phone, s_acctbal, s_comment) FROM stdin;
1	Supplier#000000001       	 N kD4on9OM Ipw3,gf0JBoQDd7tgrzrddZ	17	27-918-335-1736	5755.94	each slyly above the careful
2	Supplier#000000002       	89eJ5ksX3ImxJQBvxObC,	5	15-679-861-2259	4032.68	 slyly bold instructions. idle dependen
3	Supplier#000000003       	q1,G3Pj6OjIuUYfUoH18BFTKP5aU9bEV3	1	11-383-516-1199	4192.40	blithely silent requests after the express dependencies are sl
4	Supplier#000000004       	Bk7ah4CK8SYQTepEmvMkkgMwg	15	25-843-787-7479	4641.08	riously even requests above the exp
5	Supplier#000000005       	Gcdm2rJRzl5qlTVzc	11	21-151-690-3663	-283.84	. slyly regular pinto bea
6	Supplier#000000006       	tQxuVm7s7CnK	14	24-696-997-4969	1365.79	final accounts. regular dolphins use against the furiously ironic decoys.
7	Supplier#000000007       	s,4TicNGB4uO6PaSqNBUq	23	33-990-965-2201	6820.35	s unwind silently furiously regular courts. final requests are deposits. requests wake quietly blit
8	Supplier#000000008       	9Sq4bBH2FQEmaFOocY45sRTxo6yuoG	17	27-498-742-3860	7627.85	al pinto beans. asymptotes haggl
9	Supplier#000000009       	1KhUgZegwM3ua7dsYmekYBsK	10	20-403-398-8662	5302.37	s. unusual, even requests along the furiously regular pac
10	Supplier#000000010       	Saygah3gYWMp72i PY	24	34-852-489-8585	3891.91	ing waters. regular requests ar
11	Supplier#000000011       	JfwTs,LZrV, M,9C	18	28-613-996-1505	3393.08	y ironic packages. slyly ironic accounts affix furiously; ironically unusual excuses across the flu
12	Supplier#000000012       	aLIW  q0HYd	8	18-179-925-7181	1432.69	al packages nag alongside of the bold instructions. express, daring accounts
13	Supplier#000000013       	HK71HQyWoqRWOX8GI FpgAifW,2PoH	3	13-727-620-7813	9107.22	requests engage regularly instructions. furiously special requests ar
14	Supplier#000000014       	EXsnO5pTNj4iZRm	15	25-656-247-5058	9189.82	l accounts boost. fluffily bold warhorses wake
15	Supplier#000000015       	olXVbNBfVzRqgokr1T,Ie	8	18-453-357-6394	308.56	 across the furiously regular platelets wake even deposits. quickly express she
16	Supplier#000000016       	YjP5C55zHDXL7LalK27zfQnwejdpin4AMpvh	22	32-822-502-4215	2972.26	ously express ideas haggle quickly dugouts? fu
17	Supplier#000000017       	c2d,ESHRSkK3WYnxpgw6aOqN0q	19	29-601-884-9219	1687.81	eep against the furiously bold ideas. fluffily bold packa
18	Supplier#000000018       	PGGVE5PWAMwKDZw 	16	26-729-551-1115	7040.82	accounts snooze slyly furiously bold
19	Supplier#000000019       	edZT3es,nBFD8lBXTGeTl	24	34-278-310-2731	6150.38	refully final foxes across the dogged theodolites sleep slyly abou
20	Supplier#000000020       	iybAE,RmTymrZVYaFZva2SH,j	3	13-715-945-6730	530.82	n, ironic ideas would nag blithely about the slyly regular accounts. silent, expr
21	Supplier#000000021       	81CavellcrJ0PQ3CPBID0Z0JwyJm0ka5igEs	2	12-253-590-5816	9365.80	d. instructions integrate sometimes slyly pending instructions. accounts nag among the
22	Supplier#000000022       	okiiQFk 8lm6EVX6Q0,bEcO	4	14-144-830-2814	-966.20	 ironically among the deposits. closely expre
23	Supplier#000000023       	ssetugTcXc096qlD7 2TL5crEEeS3zk	9	19-559-422-5776	5926.41	ges could have to are ironic deposits. regular, even request
24	Supplier#000000024       	C4nPvLrVmKPPabFCj	0	10-620-939-2254	9170.71	usly pending deposits. slyly final accounts run
25	Supplier#000000025       	RCQKONXMFnrodzz6w7fObFVV6CUm2q	22	32-431-945-3541	9198.31	ely regular deposits. carefully regular sauternes engage furiously above the regular accounts. idly
26	Supplier#000000026       	iV,MHzAx6Z939uzFNkq09M0a1 MBfH7	21	31-758-894-4436	21.18	 ideas poach carefully after the blithely bold asymptotes. furiously pending theodoli
27	Supplier#000000027       	lC4CjKwNHUr6L4xIpzOBK4NlHkFTg	18	28-708-999-2028	1887.62	s according to the quickly regular hockey playe
28	Supplier#000000028       	GBhvoRh,7YIN V	0	10-538-384-8460	-891.99	ld requests across the pinto beans are carefully against the quickly final courts. accounts sleep
29	Supplier#000000029       	658tEqXLPvRd6xpFdqC2	1	11-555-705-5922	-811.62	y express ideas play furiously. even accounts sleep fluffily across the accounts. careful
30	Supplier#000000030       	84NmC1rmQfO0fj3zkobLT	16	26-940-594-4852	8080.14	ias. carefully silent accounts cajole blithely. pending, special accounts cajole quickly above the f
31	Supplier#000000031       	fRJimA7zchyApqRLHcQeocVpP	16	26-515-530-4159	5916.91	into beans wake after the special packages. slyly fluffy requests cajole furio
32	Supplier#000000032       	yvoD3TtZSx1skQNCK8agk5bZlZLug	23	33-484-637-7873	3556.47	usly even depths. quickly ironic theodolites s
33	Supplier#000000033       	gfeKpYw3400L0SDywXA6Ya1Qmq1w6YB9f3R	7	17-138-897-9374	8564.12	n sauternes along the regular asymptotes are regularly along the
34	Supplier#000000034       	mYRe3KvA2O4lL4HhxDKkkrPUDPMKRCSp,Xpa	10	20-519-982-2343	237.31	eposits. slyly final deposits toward the slyly regular dependencies sleep among the excu
35	Supplier#000000035       	QymmGXxjVVQ5OuABCXVVsu,4eF gU0Qc6	21	31-720-790-5245	4381.41	 ironic deposits! final, bold platelets haggle quickly quickly pendin
36	Supplier#000000036       	mzSpBBJvbjdx3UKTW3bLFewRD78D91lAC879	13	23-273-493-3679	2371.51	ular theodolites must haggle regular, bold accounts. slyly final pinto beans bo
37	Supplier#000000037       	cqjyB5h1nV	0	10-470-144-1330	3017.47	iously final instructions. quickly special accounts hang fluffily above the accounts. deposits
38	Supplier#000000038       	xEcx45vD0FXHT7c9mvWFY	4	14-361-296-6426	2512.41	ins. fluffily special accounts haggle slyly af
39	Supplier#000000039       	ZM, nSYpEPWr1yAFHaC91qjFcijjeU5eH	8	18-851-856-5633	6115.65	le slyly requests. special packages shall are blithely. slyly unusual packages sleep
40	Supplier#000000040       	zyIeWzbbpkTV37vm1nmSGBxSgd2Kp	22	32-231-247-6991	-290.06	 final patterns. accounts haggle idly pas
41	Supplier#000000041       	G 1FKHR435 wMKFmyt	18	28-739-447-2525	6942.67	odolites boost across the furiously regular fo
42	Supplier#000000042       	1Y5lwEgpe3j2vbUBYj3SwLhK62JlwEMtDC	22	32-698-298-6317	6565.11	 fluffily even requests cajole blithely fu
43	Supplier#000000043       	Z5mLuAoTUEeKY5v22VnnA4D87Ao6jF2LvMYnlX8h	12	22-421-568-4862	7773.41	unts. unusual, final asymptotes
44	Supplier#000000044       	kERxlLDnlIZJdN66zAPHklyL	7	17-713-930-5667	9759.38	x. carefully quiet account
45	Supplier#000000045       	LcKnsa8XGtIO0WYSB7hkOrH rnzRg1	9	19-189-635-8862	2944.23	iously according to the ironic, silent accounts.
46	Supplier#000000046       	e0URUXfDOYMdKe16Z5h5StMRbzGmTs,D2cjap	24	34-748-308-3215	3580.35	gular, regular ideas across th
47	Supplier#000000047       	3XM1x,Pcxqw,HK4XNlgbnZMbLhBHLA	14	24-810-354-4471	2958.09	sly ironic deposits sleep carefully along t
48	Supplier#000000048       	jg0U FNPMQDuyuKvTnLXXaLf3Wl6OtONA6mQlWJ	14	24-722-551-9498	5630.62	xpress instructions affix. fluffily even requests boos
49	Supplier#000000049       	Nvq 6macF4GtJvz	24	34-211-567-6800	9915.24	the finally bold dependencies. dependencies after the fluffily final foxes boost fluffi
50	Supplier#000000050       	rGobqSMMYz0ErrPhCGS	9	19-561-560-7437	4515.87	warhorses. ironic, regular accounts detect slyly after the quickly f
51	Supplier#000000051       	rDkBXb01POIKjOwrij62uM8O4	9	19-475-537-1368	7241.40	ges nag at the blithely busy instructions. fluffy packages wake quickly. even, ironic ideas boost b
52	Supplier#000000052       	WCk XCHYzBA1dvJDSol4ZJQQcQN,	19	29-974-934-4713	287.16	dolites are slyly against the furiously regular packages. ironic, final deposits cajole quickly
53	Supplier#000000053       	i9v3 EsYCfLKFU6PIt8iihBOHBB37yR7b3GD7Rt	7	17-886-101-6083	6177.35	onic, special deposits wake furio
54	Supplier#000000054       	J1s,Wxb5pg	12	22-966-435-7200	2733.69	blithely pending dolphins. quickly regular theodolites haggle slyly
55	Supplier#000000055       	OqdYSiOQeG4eGi636Tj	24	34-876-912-6007	7162.15	kages. blithely even foxes cajole special, final accounts. blithely even dependencies r
56	Supplier#000000056       	fUVtlUVal GiHBOuYoUQ XQ9NfNLQR3Gl	16	26-471-195-5486	-632.16	 sleep special deposits. unusual requests wake blithely slyly regular ideas.
57	Supplier#000000057       	bEWqUVRR f0mb2o18Y	17	27-681-514-6892	-831.07	detect according to the furiously br
58	Supplier#000000058       	01dEADIZoCULZXg	16	26-659-969-5586	92.44	refully final foxes are. even, express courts according to the b
59	Supplier#000000059       	N8lKbYjMnVlEHmTPRmBgtLiX8rrJx	17	27-249-395-9123	586.16	ffily along the even decoys. final instructions abov
60	Supplier#000000060       	cb08ntDTARo47WmnBcYXu	8	18-550-360-2464	4515.80	thely express ideas use blithely
61	Supplier#000000061       	Oz0M1qBR9I	8	18-396-489-9719	6096.58	s the slyly regular ideas shall
62	Supplier#000000062       	bSmlFYUKBeRsqJxwC9 zS6xpFdEf5jNTb	19	29-603-653-2494	9202.57	ts. furiously ironic pinto beans are permanently after the bold ideas. regular, express f
63	Supplier#000000063       	NlV0OQyIoPvPkw5AYuWGomX,hgqm1	5	15-781-401-3047	5742.03	ar deposits. blithely bold accounts against the slyly final pinto beans sleep about the exp
64	Supplier#000000064       	w80JjnIP lGoLdUjRutbv81gGlqqpW4PQBeOtSYU	24	34-278-790-7004	1309.70	uickly regular requests use. carefully i
65	Supplier#000000065       	BsAnHUmSFArppKrM	22	32-444-835-2434	-963.79	l ideas wake carefully around the regular packages. furiously ruthless pinto bea
66	Supplier#000000066       	qYdruFJQJYYiKvnNVmYfCVydVB8bcW,AW,U6SOV3	23	33-300-836-9529	2455.98	ar requests. express orbits de
67	Supplier#000000067       	7YrEKJncHFk5D W7ZaqfAXV	4	14-563-538-1657	3576.55	ray slyly final foxes. furio
68	Supplier#000000068       	Ue6N50wH2CwE4PPgTGLmat,ibGYYlDoOb3xQwtgb	21	31-267-327-4328	5119.38	inal requests. ruthlessly ironic packages cajole
69	Supplier#000000069       	T2Dl9,f97e333eRuMi2z 	4	14-491-707-8310	8466.50	! carefully ironic instructions nag quickly pending requests. fluffily even deposits sleep a
70	Supplier#000000070       	INWNH2w,OOWgNDq0BRCcBwOMQc6PdFDc4	6	16-821-608-1166	9508.37	ests sleep quickly express ideas. ironic ideas haggle about the final T
71	Supplier#000000071       	YFo8an7P6wi Q	1	11-743-919-7272	8179.68	 final accounts. bold, final escapades must have to cajole about the special platelets. fu
72	Supplier#000000072       	mKpAJojtawk2alqV4 ZEbJ3PH3wfYqy AM8rGq1	18	28-113-898-6643	7014.50	 theodolites sublate furiously about the regularly e
73	Supplier#000000073       	HBZA1NHvrswQCxTTjg 5XrfSOGgMRKNCe2ovE	16	26-758-310-7496	3793.13	. never pending asymptotes a
74	Supplier#000000074       	uM3yV5NOc6b5wNdpxF69CW 8QvDxqvKubRJtA	20	30-166-486-1559	4170.51	carefully along the quickly regular sentiments. ironic accounts sleep. regular deposits are blith
75	Supplier#000000075       	7f3gN4rP1livII	18	28-716-704-8686	-224.84	eans. even, silent packages c
76	Supplier#000000076       	JBhSBa3cLYvNgHUYtUHmtECCD	14	24-228-763-7840	2971.10	, even instructions. furiously unusual deposits wake slyly about the ev
77	Supplier#000000077       	wVtcr0uH3CyrSiWMLsqnB09Syo,UuZxPMeBghlY	7	17-281-345-4863	4186.95	the slyly final asymptotes. blithely pending theodoli
78	Supplier#000000078       	9y3OZ2CV hGrsrQxzB7V3zTtygHVHlG3SD6yrz	5	15-670-998-6860	1044.10	, regular packages wake quickly bold requests. carefully unusual requests about the unusual request
79	Supplier#000000079       	p0u3tztSXUD2J8vFfLNFNKsrRRv7qyUtTBTA	14	24-402-227-9600	1191.94	nto beans integrate slyly across the fluffily pending multipliers. carefully ste
80	Supplier#000000080       	cJ2MHSEJ13rIL2Wj3D5i6hRo30,ZiNUXhqn	21	31-646-289-1906	-40.45	ackages. blithely bold requests wake quickly. carefully regular foxes are slyly instructions. caref
81	Supplier#000000081       	SLlacbhgpKmVa,gF3saYv12e0	12	22-535-310-6971	166.32	oost carefully quickly regular packages. carefully final excuses sleep blithely slyly pendi
82	Supplier#000000082       	WyTKA7ZpF15t1aCNlT3	18	28-177-572-9691	-724.31	xpress multipliers wake furiously even foxes. furiously iro
83	Supplier#000000083       	WRJUkzCn050seVz57oAfrbCuw	14	24-529-559-2461	1467.77	ly pending courts would cajole enticingly even deposits. slyly express
84	Supplier#000000084       	DcYjWMiZGQqEKOJi4wAmIV08ikx	24	34-869-118-7803	4780.93	even depths. regular foxes use slyly. theod
85	Supplier#000000085       	Ckls9RtlzKSF	7	17-167-806-8199	7174.74	egular packages. bold pinto beans wake fur
86	Supplier#000000086       	J1fgg5QaqnN	19	29-903-665-7065	1883.37	cajole furiously special, final requests: furiously spec
87	Supplier#000000087       	WCw7URDj8zoZ7tqC3cpm7	24	34-860-229-1674	4746.66	all are quickly after the ironic platelets. pending dolphins are. final the
88	Supplier#000000088       	yOshY8wwzMgS	11	21-191-938-9469	3086.13	furiously special excuses aff
89	Supplier#000000089       	fhtzZcSorhud1	9	19-259-876-1014	1638.02	en instructions across the slyly ironic requests engage
90	Supplier#000000090       	bPE6Uhz1f2m3gwSGMrnRt,g,3gq37r5kxgphqss1	6	16-380-123-9217	6201.77	hely fluffily regular theodoli
91	Supplier#000000091       	YV45D7TkfdQanOOZ7q9QxkyGUapU1oOWU6q3	3	13-604-986-9056	6255.87	nstructions use carefully according to the special packages: quickly silent th
92	Supplier#000000092       	n48Wy4QI3lml8T217rk	2	12-701-432-8346	2470.84	 even theodolites wake against the blithely fluffy packages
93	Supplier#000000093       	wd1djjKXT,4zBm	16	26-528-528-1157	368.76	yly final accounts could are carefully. fluffily ironic instruct
94	Supplier#000000094       	lK,pLPjAMVGJOXN80zPZuNQjpChliE	4	14-728-888-8882	2766.80	usly. furiously slow theodolites could haggle carefully fina
95	Supplier#000000095       	p2 2hBfH5TD	19	29-142-539-1403	2588.83	sual instructions cajole slyly with the final ac
96	Supplier#000000096       	Lbxp3WIipye o2wZme1i9iJx,xTt1Mp	12	22-888-654-7193	3437.24	efully unusual excuses wake fluffily regular theodo
97	Supplier#000000097       	MrCQha2G6ndX1fp6CA	4	14-618-678-1789	6642.22	s, regular accounts. furiously bold ideas u
98	Supplier#000000098       	ogHn8dpXB5Q	21	31-914-775-1978	5873.07	esias use slyly under the ironic foxes. re
99	Supplier#000000099       	4SxkTHG28nZrtT0,MnVF9H	18	28-272-909-1617	3671.34	nic dependencies dazzle flu
100	Supplier#000000100       	rIlN li8zvW22l2slbcx ECP4fL	21	31-351-324-5062	3191.70	es. regular instructions sleep carefully. slyly ironic packages across the foxes boost
\.


--
-- TOC entry 3615 (class 0 OID 16745)
-- Dependencies: 215
-- Data for Name: three_cols; Type: TABLE DATA; Schema: public; Owner: postgres
--

COPY public.three_cols (a, b, c) FROM stdin;
1	c4ca4238a0b923820dcc509a6f75849b	0
2	c81e728d9d4c2f636f067f89cc14862c	0.3010299956639812
3	eccbc87e4b5ce2fe28308fd9f2a7baf3	0.47712125471966244
4	a87ff679a2f3e71d9181a67b7542122c	0.6020599913279624
5	e4da3b7fbbce2345d7772b0674a318d5	0.6989700043360189
6	1679091c5a880faf6fb5e6087eb1b2dc	0.7781512503836436
7	8f14e45fceea167a5a36dedd4bea2543	0.8450980400142568
8	c9f0f895fb98ab9159f51fd0297e236d	0.9030899869919435
9	45c48cce2e2d7fbdea1afc51c7c6ad26	0.9542425094393249
10	d3d9446802a44259755d38e6d163e820	1
11	6512bd43d9caa6e02c990b0a82652dca	1.0413926851582251
12	c20ad4d76fe97759aa27a0c99bff6710	1.0791812460476249
13	c51ce410c124a10e0db5e4b97fc2af39	1.1139433523068367
14	aab3238922bcc25a6f606eb525ffdc56	1.146128035678238
15	9bf31c7ff062936a96d3c8bd1f8f2ff3	1.1760912590556813
16	c74d97b01eae257e44aa9d5bade97baf	1.2041199826559248
17	70efdf2ec9b086079795c442636b55fb	1.2304489213782739
18	6f4922f45568161a8cdf4ad2299f6d23	1.255272505103306
19	1f0e3dad99908345f7439f8ffabdffc4	1.2787536009528289
20	98f13708210194c475687be6106a3b84	1.3010299956639813
21	3c59dc048e8850243be8079a5c74d079	1.3222192947339193
22	b6d767d2f8ed5d21a44b0e5886680cb9	1.3424226808222062
23	37693cfc748049e45d87b8c7d8b9aacd	1.3617278360175928
24	1ff1de774005f8da13f42943881c655f	1.380211241711606
25	8e296a067a37563370ded05f5a3bf3ec	1.3979400086720377
26	4e732ced3463d06de0ca9a15b6153677	1.414973347970818
27	02e74f10e0327ad868d138f2b4fdd6f0	1.4313637641589874
28	33e75ff09dd601bbe69f351039152189	1.4471580313422192
29	6ea9ab1baa0efb9e19094440c317e21b	1.462397997898956
30	34173cb38f07f89ddbebc2ac9128303f	1.4771212547196624
31	c16a5320fa475530d9583c34fd356ef5	1.4913616938342726
32	6364d3f0f495b6ab9dcf8d3b5c6e0b01	1.505149978319906
33	182be0c5cdcd5072bb1864cdee4d3d6e	1.5185139398778875
34	e369853df766fa44e1ed0ff613f563bd	1.5314789170422551
35	1c383cd30b7c298ab50293adfecb7b18	1.5440680443502757
36	19ca14e7ea6328a42e0eb13d585e4c22	1.5563025007672873
37	a5bfc9e07964f8dddeb95fc584cd965d	1.568201724066995
38	a5771bce93e200c36f7cd9dfd0e5deaa	1.5797835966168101
39	d67d8ab4f4c10bf22aa353e27879133c	1.591064607026499
40	d645920e395fedad7bbbed0eca3fe2e0	1.6020599913279623
41	3416a75f4cea9109507cacd8e2f2aefc	1.6127838567197355
42	a1d0c6e83f027327d8461063f4ac58a6	1.6232492903979006
43	17e62166fc8586dfa4d1bc0e1742c08b	1.6334684555795864
44	f7177163c833dff4b38fc8d2872f1ec6	1.6434526764861874
45	6c8349cc7260ae62e3b1396831a8398f	1.6532125137753437
46	d9d4f495e875a2e075a1a4a6e1b9770f	1.662757831681574
47	67c6a1e7ce56d3d6fa748ab6d9af3fd7	1.6720978579357175
48	642e92efb79421734881b53e1e1b18b6	1.6812412373755872
49	f457c545a9ded88f18ecee47145a72c0	1.6901960800285136
50	c0c7c76d30bd3dcaefc96f40275bdc0a	1.6989700043360187
51	2838023a778dfaecdc212708f721b788	1.7075701760979363
52	9a1158154dfa42caddbd0694a4e9bdc8	1.7160033436347992
53	d82c8d1619ad8176d665453cfb2e55f0	1.724275869600789
54	a684eceee76fc522773286a895bc8436	1.7323937598229686
55	b53b3a3d6ab90ce0268229151c9bde11	1.7403626894942439
56	9f61408e3afb633e50cdf1b20de6f466	1.7481880270062005
57	72b32a1f754ba1c09b3695e0cb6cde7f	1.7558748556724915
58	66f041e16a60928b05a7e228a89c3799	1.7634279935629373
59	093f65e080a295f8076b1c5722a46aa2	1.7708520116421442
60	072b030ba126b2f4b2374f342be9ed44	1.7781512503836436
61	7f39f8317fbdb1988ef4c628eba02591	1.7853298350107671
62	44f683a84163b3523afe57c2e008bc8c	1.792391689498254
63	03afdbd66e7929b125f8597834fa83a4	1.7993405494535817
64	ea5d2f1c4608232e07d3aa3d998e5135	1.806179973983887
65	fc490ca45c00b1249bbe3554a4fdf6fb	1.8129133566428555
66	3295c76acbf4caaed33c36b1b5fc2cb1	1.8195439355418688
67	735b90b4568125ed6c3f678819b6e058	1.8260748027008264
68	a3f390d88e4c41f2747bfa2f1b5f87db	1.8325089127062364
69	14bfa6bb14875e45bba028a21ed38046	1.8388490907372552
70	7cbbc409ec990f19c78c75bd1e06f215	1.845098040014257
71	e2c420d928d4bf8ce0ff2ec19b371514	1.8512583487190752
72	32bb90e8976aab5298d5da10fe66f21d	1.8573324964312685
73	d2ddea18f00665ce8623e36bd4e3c7c5	1.863322860120456
74	ad61ab143223efbc24c7d2583be69251	1.8692317197309762
75	d09bf41544a3365a46c9077ebb5e35c3	1.8750612633917
76	fbd7939d674997cdb4692d34de8633c4	1.8808135922807914
77	28dd2c7955ce926456240b2ff0100bde	1.8864907251724818
78	35f4a8d465e6e1edc05f3d8ab658c551	1.8920946026904804
79	d1fe173d08e959397adf34b1d77e88d7	1.8976270912904414
80	f033ab37c30201f73f142449d037028d	1.9030899869919435
81	43ec517d68b6edd3015b3edc9a11367b	1.9084850188786497
82	9778d5d219c5080b9a6a17bef029331c	1.9138138523837167
83	fe9fc289c3ff0af142b6d3bead98a923	1.919078092376074
84	68d30a9594728bc39aa24be94b319d21	1.9242792860618816
85	3ef815416f775098fe977004015c6193	1.9294189257142926
86	93db85ed909c13838ff95ccfa94cebd9	1.9344984512435677
87	c7e1249ffc03eb9ded908c236bd1996d	1.9395192526186185
88	2a38a4a9316c49e5a833517c45d31070	1.9444826721501687
89	7647966b7343c29048673252e490f736	1.9493900066449128
90	8613985ec49eb8f757ae6439e879bb2a	1.954242509439325
91	54229abfcfa5649e7003b83dd4755294	1.9590413923210936
92	92cc227532d17e56e07902b254dfad10	1.9637878273455553
93	98dce83da57b0395e163467c9dae521b	1.968482948553935
94	f4b9ec30ad9f68f89b29639786cb62ef	1.9731278535996986
95	812b4ba287f5ee0bc9d43bbf5bbe87fb	1.9777236052888478
96	26657d5ff9020d2abefe558796b99584	1.9822712330395684
97	e2ef524fbf3d9fe611d5a8e90fefdc9c	1.9867717342662448
98	ed3d2c21991e3bef5e069713af9fa6ca	1.9912260756924949
99	ac627ab1ccbdb62ec96e702f07f6425b	1.99563519459755
141	0f28b5d49b3020afeecd95b4009adf4c	2.1492191126553797
142	a8baa56554f96369ab93e4f3bb068c22	2.1522883443830563
143	903ce9225fca3e988c2af215d4e544d3	2.155336037465062
144	0a09c8844ba8f0936c20bd791130d6b6	2.1583624920952498
145	2b24d495052a8ce66358eb576b8912c8	2.161368002234975
146	a5e00132373a7031000fd987a3c9f87b	2.164352855784437
147	8d5e957f297893487bd98fa830fa6413	2.167317334748176
148	47d1e990583c9c67424d369f3414728e	2.1702617153949575
149	f2217062e9a397a1dca429e7d70bc6ca	2.173186268412274
150	7ef605fc8dba5425d6965fbd4c8fbe1f	2.1760912590556813
151	a8f15eda80c50adb0e71943adc8015cf	2.1789769472931693
152	37a749d808e46495a8da1e5352d03cae	2.1818435879447726
153	b3e3e393c77e35a4a3f3cbd1e429b5dc	2.184691430817599
154	1d7f7abc18fcb43975065399b0d1e48e	2.187520720836463
155	2a79ea27c279e471f4d180b08d62b00a	2.1903316981702914
156	1c9ac0159c94d8d0cbedc973445af2da	2.1931245983544616
157	6c4b761a28b734fe93831e3fb400ce87	2.1958996524092336
158	06409663226af2f3114485aa4e0a23b4	2.1986570869544226
159	140f6969d5213fd0ece03148e62e461e	2.2013971243204513
160	b73ce398c39f506af761d2277d853a92	2.2041199826559246
161	bd4c9ab730f5513206b999ec0d90d1fb	2.2068258760318495
162	82aa4b0af34c2313a562076992e50aa3	2.2095150145426308
163	0777d5c17d4066b82ab86dff8a46af6f	2.2121876044039577
164	fa7cdfad1a5aaf8370ebeda47a1ff1c3	2.214843848047698
165	9766527f2b5d3e95d4a733fcfb77bd7e	2.2174839442139063
166	7e7757b1e12abcb736ab9a754ffb617a	2.220108088040055
167	5878a7ab84fb43402106c575658472fa	2.2227164711475833
168	006f52e9102a8d3be2fe5614f42ba989	2.225309281725863
169	3636638817772e42b59d74cff571fbb3	2.2278867046136734
170	149e9677a5989fd342ae44213df68868	2.230448921378274
171	a4a042cf4fd6bfb47701cbc8a1653ada	2.2329961103921536
172	1ff8a7b5dc7a7d1f0ed65aaa29c04b1e	2.2355284469075487
173	f7e6c85504ce6e82442c770f7c8606f0	2.2380461031287955
174	bf8229696f7a3bb4700cfddef19fa23f	2.2405492482826
175	82161242827b703e6acf9c726942a1e4	2.2430380486862944
176	38af86134b65d0f10fe33d30dd76442e	2.24551266781415
177	96da2f590cd7246bbde0051047b0d6f7	2.247973266361807
178	8f85517967795eeef66c225f7883bdcb	2.250420002308894
179	8f53295a73878494e9bc8dd6c3c7104f	2.2528530309798933
180	045117b0e0a11a242b9765e79cbf113f	2.255272505103306
181	fc221309746013ac554571fbd180e1c8	2.2576785748691846
182	4c5bde74a8f110656874902f07378009	2.2600713879850747
183	cedebb6e872f539bef8c3f919874e9d7	2.2624510897304293
184	6cdd60ea0045eb7a6ec44c54d29ed402	2.2648178230095364
185	eecca5b6365d9607ee5a9d336962c534	2.2671717284030137
186	9872ed9fc22fc182d371c3e9ed316094	2.2695129442179165
187	31fefc0e570cb3860f2a6d4b38c6490d	2.271841606536499
188	9dcb88e0137649590b755372b040afad	2.27415784926368
189	a2557a7b2e94197ff767970b67041697	2.2764618041732443
190	cfecdb276f634854f3ef915e2e980c31	2.278753600952829
191	0aa1883c6411f7873cb83dacb17b0afc	2.2810333672477277
192	58a2fc6ed39fd083f55d4182bf88826d	2.2833012287035497
193	bd686fd640be98efaae0091fa301e613	2.285557309007774
194	a597e50502f5ff68e3e25b9114205d4a	2.287801729930226
195	0336dcbab05b9d5ad24f4333c7658a0e	2.290034611362518
196	084b6fbb10729ed4da8c3d3f5a3ae7c9	2.292256071356476
197	85d8ce590ad8981ca2c8286f79f59954	2.294466226161593
198	0e65972dce68dad4d52d063967f0a705	2.296665190261531
199	84d9ee44e457ddef7f2c4f25dc8fa865	2.298853076409707
200	3644a684f98ea8fe223c713b77189a77	2.3010299956639813
201	757b505cfd34c64c85ca5b5690ee5293	2.303196057420489
202	854d6fae5ee42911677c739ee1734486	2.305351369446624
203	e2c0be24560d78c5e599c2a9c9d0bbd2	2.307496037913213
204	274ad4786c3abca69fa097b85867d9a4	2.3096301674258988
205	eae27d77ca20db309e056e3d2dcd7d69	2.311753861055754
206	7eabe3a1649ffa2b3ff8c02ebfd5659f	2.3138672203691533
207	69adc1e107f7f7d035d7baf04342e1ca	2.315970345456918
208	091d584fced301b442654dd8c23b3fc9	2.3180633349627615
209	b1d10e7bafa4421218a51b1e1f1b0ba2	2.3201462861110542
210	6f3ef77ac0e3619e98159e9b6febf557	2.322219294733919
211	eb163727917cbba1eea208541a643e74	2.3242824552976926
212	1534b76d325a8f591b52d302e7181331	2.326335860928751
213	979d472a84804b9f647bc185a877a8b5	2.3283796034387376
214	ca46c1b9512a7a8315fa3c5a946e8265	2.330413773349191
215	3b8a614226a953a8cd9526fca6fe9ba5	2.3324384599156054
216	45fbc6d3e05ebd93369ce542e8f2322d	2.3344537511509307
217	63dc7ed1010d3c3b8269faf0ba7491d4	2.3364597338485296
218	e96ed478dab8595a7dbda4cbcbee168f	2.3384564936046046
219	c0e190d8267e36708f955d7ab048990d	2.3404441148401185
220	ec8ce6abb3e952a85b8551ba726a1227	2.342422680822206
221	060ad92489947d410d897474079c1477	2.3443922736851106
222	bcbe3365e6ac95ea2c0343a2395834dd	2.346352974450639
223	115f89503138416a242f40fb7d7f338e	2.3483048630481607
224	13fe9d84310e77f13a6d184dbf1232f3	2.3502480183341627
225	d1c38a09acc34845c6be3a127a5aacaf	2.3521825181113627
226	9cfdf10e8fc047a44b08ed031e1f0ed1	2.3541084391474008
227	705f2172834666788607efbfca35afb3	2.3560258571931225
228	74db120f0a8e5646ef5a30154e9f6deb	2.357934847000454
229	57aeee35c98205091e18d1140e9f38cf	2.359835482339888
230	6da9003b743b65f4c0ccd295cc484e57	2.361727836017593
231	9b04d152845ec0a378394003c96da594	2.3636119798921444
232	be83ab3ecd0db773eb2dc1b0a17836a1	2.3654879848909
233	e165421110ba03099a1c0393373c5b43	2.367355921026019
234	289dff07669d7a23de0ef88d2f7129e7	2.369215857410143
235	577ef1154f3240ad5b9b413aa7346a1e	2.3710678622717363
236	01161aaa0b6d1345dd8fe4e481144d84	2.3729120029701067
237	539fd53b59e3bb12d203f45a912eeaf2	2.374748346010104
238	ac1dd209cbcc5e5d1c6e28598e8cbbe8	2.376576957056512
239	555d6702c950ecb729a966504af0a635	2.3783979009481375
240	335f5352088d7d9bf74191e006d8e24c	2.380211241711606
241	f340f1b1f65b6df5b5e3f94d95b11daf	2.3820170425748683
242	e4a6222cdb5b34375400904f03d8e6a5	2.383815365980431
243	cb70ab375662576bd1ac5aaf16b3fca4	2.385606273598312
244	9188905e74c28e489b44e954ec0b9bca	2.387389826338729
245	0266e33d3f546cb5436a10798e657d97	2.3891660843645326
246	38db3aed920cf82ab059bfccbd02be6a	2.3909351071033793
247	3cec07e9ba5f5bb252d13f5f431e4bbb	2.392696953259666
248	621bf66ddb7c962aa0d22ac97d69b793	2.3944516808262164
249	077e29b11be80ab57e1a2ecabb7da330	2.3961993470957363
250	6c9882bbac1c7093bd25041881277658	2.3979400086720375
251	19f3cd308f1455b3fa09a282e0d496f4	2.399673721481038
252	03c6b06952c750899bb03d998e631860	2.401400540781544
253	c24cd76e1ce41366a4bbe8a49b02a028	2.403120521175818
254	c52f1bd66cc19d05628bd8bf27af3ad6	2.404833716619938
255	fe131d7f5a6b38b23cc967316c13dae2	2.406540180433955
256	f718499c1c8cef6730f9fd03c8125cab	2.4082399653118496
257	d96409bf894217686ba124d7356686c9	2.4099331233312946
258	502e4a16930e414107ee22b6198c578f	2.41161970596323
259	cfa0860e83a4c3a763a7e62d825349f7	2.413299764081252
260	a4f23670e1833f3fdb077ca70bbd5d66	2.4149733479708178
261	b1a59b315fc9a3002ce38bbe070ec3f5	2.416640507338281
262	36660e59856b4de58a219bcf4e27eba3	2.4183012913197452
263	8c19f571e251e61cb8dd3612f26d5ecf	2.419955748489758
264	d6baf65e0b240ce177cf70da146c8dc8	2.4216039268698313
265	e56954b4f6347e897f954495eab16a88	2.423245873936808
266	f7664060cc52bc6f3d620bcedc94a4b6	2.424881636631067
267	eda80a3d5b344bc40f3bc04f65b7a357	2.4265112613645754
268	8f121ce07d74717e0b1f21d122e04521	2.428134794028789
269	06138bc5af6023646ede0e1f7c1eac75	2.429752280002408
270	39059724f73a9969845dfe4146c5660e	2.4313637641589874
271	7f100b7b36092fb9b06dfb4fac360931	2.432969290874406
272	7a614fd06c325499f1680b9896beedeb	2.4345689040341987
273	4734ba6f3de83d861c3176a6273cac6d	2.436162647040756
274	d947bf06a885db0d477d707121934ff8	2.437750562820388
275	63923f49e5241343aa7acb6a06a751e7	2.439332693830263
276	db8e1af0cb3aca1ae2d0018624204529	2.4409090820652177
277	20f07591c6fcb220ffe637cda29bb3f6	2.4424797690644486
278	07cdfd23373b17c6b337251c22b7ea57	2.444044795918076
279	d395771085aab05244a4fb8fd91bf4ee	2.4456042032735974
280	92c8c96e4c37100777c7190b76d28233	2.4471580313422194
281	e3796ae838835da0b6f6ea37bcf8bcb7	2.44870631990508
282	6a9aeddfc689c1d0e3b9ccc3ab651bc5	2.450249108319361
283	0f49c89d1e7298bb9930789c8ed59d48	2.45178643552429
284	46ba9f2a6976570b0353203ec4474217	2.4533183400470375
285	0e01938fc48a2cfb5f2217fbfb00722d	2.45484486000851
286	16a5cdae362b8d27a1d8f8c7b78b4330	2.456366033129043
287	918317b57931b6b7a7d29490fe5ec9f9	2.4578818967339924
288	48aedb8880cab8c45637abc7493ecddd	2.459392487759231
289	839ab46820b524afda05122893c2fe8e	2.4608978427565478
290	f90f2aca5c640289d0a29417bcb63a37	2.462397997898956
291	9c838d2e45b2ad1094d42f4ef36764f6	2.4638929889859074
292	1700002963a49da13542e0726b7bb758	2.4653828514484184
293	53c3bce66e43be4f209556518c2fcb54	2.4668676203541096
294	6883966fd8f918a4aa29be29d2c386fb	2.4683473304121573
295	49182f81e6a13cf5eaa496d51fea6406	2.469822015978163
296	d296c101daa88a51f6ca8cfc1ac79b50	2.4712917110589387
297	9fd81843ad7f202f26c1a174c7357585	2.4727564493172123
298	26e359e83860db1d11b6acca57d8ea88	2.4742162640762553
299	ef0d3930a7b6c95bd2b32ed45989c61f	2.4756711883244296
300	94f6d7e04a4d452035300f18b984988c	2.4771212547196626
301	34ed066df378efacc9b924ec161e7639	2.4785664955938436
302	577bcc914f9e55d5e4e4f82f9f00e7d4	2.4800069429571505
303	11b9842e0a271ff252c1903e7132cd68	2.481442628502305
304	37bc2f75bf1bcfe8450a1a41c200364c	2.482873583608754
305	496e05e1aea0a9c4655800e8a7b9ea28	2.484299839346786
306	b2eb7349035754953b57a32e2841bda5	2.48572142648158
307	8e98d81f8217304975ccb23337bb5761	2.4871383754771865
308	a8c88a0055f636e4a163a5e3d16adab7	2.4885507165004443
309	eddea82ad2755b24c4e168c5fc2ebd40	2.4899584794248346
310	06eb61b839a0cefee4967c67ccb099dc	2.4913616938342726
311	9dfcd5e558dfa04aaf37f137a1d9d3e5	2.4927603890268375
312	950a4152c2b4aa3ad78bdd6b366cc179	2.494154594018443
313	158f3069a435b314a80bdcb024f8e422	2.4955443375464483
314	758874998f5bd0c393da094e1967a72b	2.496929648073215
315	ad13a2a07ca4b7642959dc0c4c740ab6	2.4983105537896004
316	3fe94a002317b5f9259f82690aeea4cd	2.499687082618404
317	5b8add2a5d98b1a652ea7fd72d942dac	2.5010592622177517
318	432aca3a1e345e339f35a30c8f65edce	2.5024271199844326
319	8d3bba7425e7c98c50f52ca1b52d3735	2.503790683057181
320	320722549d1751cf3f247855f937b982	2.505149978319906
321	caf1a3dfb505ffed0d024130f58c5cfa	2.506505032404872
322	5737c6ec2e0716f3d8a7a5c4e0de0d9a	2.507855871695831
323	bc6dc48b743dc5d013b1abaebd2faed2	2.509202522331103
324	f2fc990265c712c49d51a18a32b39f0c	2.510545010206612
325	89f0fd5c927d466d6ec9a21b9ac34ffa	2.5118833609788744
326	a666587afda6e89aec274a3657558a27	2.513217600067939
327	b83aac23b9528732c23cc7352950e880	2.514547752660286
328	cd00692c3bfe59267d5ecfac5310286c	2.515873843711679
329	6faa8040da20ef399b63a72d0e4ab575	2.5171958979499744
330	fe73f687e5bc5280214e0486b273a5f9	2.5185139398778875
331	6da37dd3139aa4d9aa55b8d237ec5d4a	2.519827993775719
332	c042f4db68f23406c6cecf84a7ebb0fe	2.5211380837040362
333	310dcbbf4cce62f762a2aaa148d556bd	2.5224442335063197
334	2f2b265625d76a6704b08093c652fd79	2.5237464668115646
335	f9b902fc3289af4dd08de5d1de54f68f	2.525044807036845
336	6855456e2fe46a9d49d3d3af4f57443d	2.526339277389844
337	357a6fdf7642bf815a88822c447d9dc4	2.5276299008713385
338	819f46e52c25763a55cc642422644317	2.5289167002776547
339	04025959b191f8f9de3f924f0940515f	2.530199698203082
340	40008b9a5380fcacce3976bf7c08af5b	2.531478917042255
341	3dd48ab31d016ffcbf3314df2b3cb9ce	2.5327543789924976
342	58238e9ae2dd305d79c2ebc8c1883422	2.534026106056135
343	3ad7c2ebb96fcba7cda0cf54a2e802f5	2.5352941200427703
344	b3967a0e938dc2a6340e258630febd5a	2.53655844257153
345	d81f9c1be2e08964bf9f24b15f0e4900	2.537819095073274
346	13f9896df61279c928f19721878fac41	2.5390760987927767
347	c5ff2543b53f4cc0ad3819a36752467b	2.5403294747908736
348	01386bd6d8e091c2ab4c7c7de644d37b	2.5415792439465807
349	0bb4aec1710521c12ee76289d9440817	2.5428254269591797
350	9de6d14fff9806d4bcd1ef555be766cd	2.5440680443502757
351	efe937780e95574250dabe07151bdc23	2.545307116465824
352	371bce7dc83817b7893bcdeed13799b5	2.546542663478131
353	138bb0696595b338afbab333c555292a	2.5477747053878224
354	8dd48d6a2e2cad213179a3992c0be53c	2.5490032620257876
355	82cec96096d4281b7c95cd7e74623496	2.550228353055094
356	6c524f9d5d7027454a783c841250ba71	2.5514499979728753
357	fb7b9ffa5462084c5f4e7e85a093e6d7	2.552668216112193
358	aa942ab2bfa6ebda4840e7360ce6e7ef	2.5538830266438746
359	c058f544c737782deacefa532d9add4c	2.5550944485783194
360	e7b24b112a44fdd9ee93bdf998c6ca0e	2.5563025007672873
361	52720e003547c70561bf5e03b95aa99f	2.5575072019056577
362	c3e878e27f52e2a57ace4d9a76fd9acf	2.558708570533166
363	00411460f7c92d2124a67ea0f4cb5f85	2.5599066250361124
364	bac9162b47c56fc8a4d2a519803d51b3	2.561101383649056
365	9be40cee5b0eee1462c82c6964087ff9	2.5622928644564746
366	5ef698cd9fe650923ea331c15af3b160	2.5634810853944106
367	05049e90fa4f5039a8cadc6acbb4b2cc	2.5646660642520893
368	cf004fdc76fa1a4f25f62e0eb5261ca3	2.5658478186735176
369	0c74b7f78409a4022a2c4c5a5ca3ee19	2.56702636615906
370	d709f38ef758b5066ef31b18039b8ce5	2.568201724066995
371	41f1f19176d383480afa65d325c06ed0	2.569373909615046
372	24b16fede9a67c9251d3e7c7161c83ac	2.5705429398818973
373	ffd52f3c7e12435a724a8f30fddadd9c	2.571708831808688
374	ad972f10e0800b49d76fed33a21f6698	2.5728716022004803
375	f61d6947467ccd3aa5af24db320235dd	2.574031267727719
376	142949df56ea8ae0be8b5306971900a4	2.575187844927661
377	d34ab169b70c9dcd35e62896010cd9ff	2.576341350205793
378	8bf1211fd4b7b94528899de0a43b9fb3	2.5774917998372255
379	a02ffd91ece5e7efeb46db8f10a74059	2.578639209968072
380	bca82e41ee7b0833588399b1fcd177c7	2.57978359661681
381	00ec53c4682d36f5c4359f4ae7bd7ba1	2.5809249756756194
382	4f6ffe13a5d75b2d6a3923922b3922e5	2.582063362911709
383	beed13602b9b0e6ecb5b568ff5058f07	2.583198773968623
384	0584ce565c824b7b7f50282d9a19945b	2.584331224367531
385	dc912a253d1e9ba40e2c597ed2376640	2.5854607295085006
386	39461a19e9eddfb385ea76b26521ea48	2.586587304671755
387	8efb100a295c0c690931222ff4467bb8	2.5877109650189114
388	d9fc5b73a8d78fad3d6dffe419384e70	2.5888317255942073
389	c86a7ee3d8ef0b551ed58e354a836f2b	2.5899496013257077
390	a01a0380ca3c61428c26a231f0e49a09	2.591064607026499
391	5a4b25aaed25c2ee1b74de72dc03c14e	2.5921767573958667
392	f73b76ce8949fe29bf2a537cfa420e8f	2.593286067020457
393	70c639df5e30bdee440e4cdf599fec2b	2.5943925503754266
394	28f0b864598a1291557bed248a998d4e	2.595496221825574
395	1543843a4723ed2ab08e18053ae6dc5b	2.59659709562646
396	f8c1f23d6a8d8d7904fc0ea8e066b3bb	2.597695185925512
397	e46de7e1bcaaced9a54f1e9d0d2f800d	2.598790506763115
398	b7b16ecf8ca53723593894116071700c	2.5998830720736876
399	352fe25daf686bdb4edca223c921acea	2.6009728956867484
400	18d8042386b79e2c279fd162df0205c8	2.6020599913279625
401	816b112c6105b3ebd537828a39af4818	2.603144372620182
402	69cb3ea317a32c4e6143e665fdb20b14	2.60422605308447
403	bbf94b34eb32268ada57a3be5062fe7d	2.6053050461411096
404	4f4adcbf8c6f66dcfc8a3282ac2bf10a	2.606381365110605
405	bbcbff5c1f1ded46c25d28119a85c6c2	2.6074550232146687
406	8cb22bdd0b7ba1ab13d742e22eed8da2	2.6085260335771943
407	f4f6dce2f3a0f9dada0c2b5b66452017	2.60959440922522
408	0d0fd7c6e093f7b804fa0150b875b868	2.61066016308988
409	a96b65a721e561e1e3de768ac819ffbb	2.611723308007342
410	1068c6e4c8051cfd4e9ea8072e3189e2	2.6127838567197355
411	17d63b1625c816c22647a73e1482372b	2.6138418218760693
412	b9228e0962a78b84f3d5d92f4faa000b	2.6148972160331345
413	0deb1c54814305ca9ad266f53bc82511	2.615950051656401
414	66808e327dc79d135ba18e051673d906	2.617000341120899
415	42e7aaa88b48137a16a1acd04ed91125	2.6180480967120925
416	8fe0093bb30d6f8c31474bd0764e6ac0	2.6190933306267428
417	41ae36ecb9b3eee609d05b90c14222fb	2.6201360549737576
418	d1f255a373a3cef72e03aa9d980c7eca	2.621176281775035
419	7eacb532570ff6858afd2723755ff790	2.622214022966295
420	b6f0479ae87d244975439c6124592772	2.6232492903979003
421	e0c641195b27425bb056ac56f8953d24	2.6242820958356683
422	f85454e8279be180185cac7d243c5eb3	2.625312450961674
423	faa9afea49ef2ff029a833cccc778fd0	2.6263403673750423
424	3c7781a36bcd6cf08c11a970fbe0e2a6	2.6273658565927325
425	25b2822c2f5a3230abfadd476e8b04c9	2.6283889300503116
426	6ecbdd6ec859d284dc13885a37ce8d81	2.629409599102719
427	18997733ec258a9fcaf239cc55d53363	2.630427875025024
428	8d7d8ee069cb0cbbf816bbb65d56947e	2.6314437690131722
429	75fc093c0ee742f6dddaa13fff98f104	2.6324572921847245
430	f74909ace68e51891440e4da0b65a70c	2.6334684555795866
431	66368270ffd51418ec58bd793f2d9b1b	2.6344772701607315
432	248e844336797ec98478f85e7626de4a	2.635483746814912
433	019d385eb67632a7e958e23f24bd07d7	2.6364878963533656
434	a49e9411d64ff53eccfdd09ad10a15b3	2.637489729512511
435	ddb30680a691d157187ee1cf9e896d03	2.6384892569546374
436	2421fcb1263b9530df88f7f002e78ea5	2.639486489268586
437	fccb60fb512d13df5083790d64c4d5dd	2.640481436970422
438	1651cf0d2f737d7adeab84d339dbabd3	2.6414741105040997
439	eed5af6add95a9a6f1252739b1ad8c24	2.6424645202421213
440	a8abb4bb284b5b27aa7cb790dc20f80b	2.6434526764861874
441	15d4e891d784977cacbfcbb00c48f133	2.6444385894678386
442	c203d8a151612acf12457e4d67635a95	2.645422269349092
443	13f3cf8c531952d72e5847c4183e6910	2.6464037262230695
444	550a141f12de6341fba65b0ad0433500	2.6473829701146196
445	67f7fb873eaf29526a11a9b7ac33bfac	2.6483600109809315
446	1a5b1e4daae265b790965a275b53ae50	2.649334858712142
447	9a96876e2f8f3dc4f3cf45f02c61c0c1	2.6503075231319366
448	9b70e8fe62e40c570a322f1b0b659098	2.651278013998144
449	d61e4bbd6393c9111e6526ea173a7c8b	2.6522463410033232
450	f5f8590cd58a54e94377e6ae2eded4d9	2.6532125137753435
451	941e1aaaba585b952b62c14a3a175a61	2.6541765418779604
452	9431c87f273e507e6040fcb07dcb4509	2.655138434811382
453	49ae49a23f67c759bf4fc791ba842aa2	2.656098202012832
454	e44fea3bec53bcea3b7513ccef5857ac	2.6570558528571038
455	821fa74b50ba3f7cba1e6c53e8fa6845	2.6580113966571126
456	250cf8b51c773f3f8dc8b4be867a9a02	2.658964842664435
457	42998cf32d552343bc8e460416382dca	2.6599162000698504
458	d07e70efcfab08731a97e7b91be644de	2.660865478003869
459	7fe1f8abaad094e0b5cb1b01d712f708	2.661812685537261
460	98b297950041a42470269d56260243a1	2.662757831681574
461	0353ab4cbed5beae847a7ff6e220b5cf	2.663700925389648
462	51d92be1c60d1db1d2e5e7a07da55b26	2.6646419755561257
463	428fca9bc1921c25c5121f9da7815cde	2.6655809910179533
464	f1b6f2857fb6d44dd73c7041e0aa0f19	2.6665179805548807
465	68ce199ec2c5517597ce0a4d89620f55	2.667452952889954
466	e836d813fd184325132fca8edcdfb40e	2.66838591669
467	ab817c9349cf9c4f6877e1894a1faa00	2.6693168805661123
468	877a9ba7a98f75b90a9d49f53f15a858	2.670245853074124
469	dc6a6489640ca02b0d42dabeb8e46bb7	2.6711728427150834
470	26337353b7962f533d78c762373b3318	2.6720978579357175
471	8e6b42f1644ecb1327dc03ab345e618b	2.673020907128896
472	ef575e8837d065a1683c022d2077d342	2.673941998634088
473	2050e03ca119580f74cca14cc6e97462	2.6748611407378116
474	25ddc0f8c9d3e22e03d3076f98d83cb2	2.6757783416740852
475	5ef0b4eba35ab2d6180b0bca7e46b6f9	2.6766936096248664
476	598b3e71ec378bd83e0a727608b5db01	2.677606952720493
477	74071a673307ca7459bcf75fbd024e09	2.678518379040114
478	cfee398643cbc3dc5eefc89334cacdc1	2.6794278966121188
479	d18f655c3fce66ca401d5f38b48c89af	2.680335513414563
480	6ea2ef7311b482724a9b7b0bc0dd85c6	2.681241237375587
481	9461cce28ebe3e76fb4b931c35a169b0	2.682145076373832
482	f770b62bc8f42a0b66751fe636fc6eb0	2.6830470382388496
483	e1e32e235eee1f970470a3a6658dfdd5	2.683947130751512
484	eba0dc302bcd9a273f8bbb72be3a687b	2.6848453616444123
485	218a0aefd1d1a4be65601cc6ddc1520e	2.6857417386022635
486	7d04bbbe5494ae9d2f5a76aa1c00fa2f	2.6866362692622934
487	a516a87cfcaef229b342c437fe2b95f7	2.6875289612146345
488	c3c59e5f8b3e9753913f4d435b53c308	2.6884198220027105
489	854d9fca60b4bd07f9bb215d59ef5561	2.6893088591236203
490	c410003ef13d451727aeff9082c29a5c	2.690196080028514
491	559cb990c9dffd8675f6bc2186971dc2	2.6910814921229687
492	55a7cf9c71f1c9c495413f934dd1a158	2.69196510276736
493	2f55707d4193dc27118a0f19a1985716	2.69284691927723
494	1be3bc32e6564055d5ca3e5a354acbef	2.693726948923647
495	35051070e572e47d2c26c241ab88307f	2.694605198933569
496	b534ba68236ba543ae44b22bd110a1d6	2.6954816764901977
497	7380ad8a673226ae47fce7bff88e9c33	2.696356388733332
498	05f971b5ec196b8c65b75d2ef8267331	2.6972293427597176
499	3cf166c6b73f030b4f67eeaeba301103	2.6981005456233897
500	cee631121c2ec9232f3a2f028ad5c89b	2.6989700043360187
501	5b69b9cb83065d403869739ae7f0995e	2.699837725867246
502	b5b41fac0361d157d9673ecb926af5ae	2.7007037171450192
503	285e19f20beded7d215102b49d5c09a0	2.7015679850559273
504	b337e84de8752b27eda3a12363109e80	2.7024305364455254
505	e8c0653fea13f91bf3c48159f7c24f78	2.7032913781186614
506	ff4d5fbbafdf976cfdc032e3bde78de5	2.7041505168397992
507	2d6cc4b2d139a53512fb8cbb3086ae2e	2.705007959333336
508	389bc7bb1e1c2a5e7e147703232a88f6	2.7058637122839193
509	e2230b853516e7b05d79744fbd4c9c13	2.7067177823367587
510	087408522c31eeb1f982bc0eaf81d35f	2.7075701760979363
511	a760880003e7ddedfef56acb3b09697f	2.708420900134713
512	10a7cdd970fe135cf4f7bb55c0e3b59f	2.709269960975831
513	3dc4876f3f08201c7c76cb71fa1da439	2.7101173651118162
514	59b90e1005a220e2ebc542eb9d950b1e	2.710963118995276
515	2b8a61594b1f4c4db0902a8a395ced93	2.711807229041191
516	f3f27a324736617f20abbf2ffd806f6d	2.7126497016272113
517	38913e1d6a7b94cb0f55994f679f5956	2.7134905430939424
518	ebd9629fc3ae5e9f6611e2ee05a31cef	2.714329759745233
519	63538fe6ef330c13a05a3ed7e599d5f7	2.7151673578484576
520	cf67355a3333e6e143439161adc2d82e	2.716003343634799
521	07563a3fe3bbe7e3ba84431ad9d055af	2.7168377232995247
522	53fde96fcc4b4ce72d7739202324cd49	2.717670503002262
523	2bb232c0b13c774965ef8558f0fbd615	2.718501688867274
524	ba2fd310dcaa8781a9a652a31baf3c68	2.7193312869837265
525	69421f032498c97020180038fddb8e24	2.720159303405957
526	85422afb467e9456013a2a51d4dff702	2.7209857441537393
527	13f320e7b5ead1024ac95c3b208610db	2.7218106152125467
528	f4be00279ee2e0a53eafdaa94a151e2c	2.722633922533812
529	37f0e884fbad9667e38940169d0a3c95	2.7234556720351857
530	d64a340bcb633f536d56e51874281454	2.724275869600789
531	0fcbc61acd0479dc77e3cccc0f5ffca7	2.725094521081469
532	298f95e1bf9136124592c8d4825a06fc	2.7259116322950483
533	df877f3865752637daa540ea9cbc474f	2.7267272090265724
534	c399862d3b9d6b76c8436e924a68c45b	2.727541257028556
535	33e8075e9970de0cfea955afd4644bb2	2.7283537820212285
536	65658fde58ab3c2b6e5132a39fae7cb9	2.72916478969277
537	5ea1649a31336092c05438df996a3e59	2.7299742856995555
538	7bcdf75ad237b8e02e301f4091fb6bc8	2.7307822756663893
539	5737034557ef5b8c02c0e46513b98f90	2.7315887651867388
540	9b72e31dac81715466cd580a448cf823	2.7323937598229686
541	16c222aa19898e5058938167c8ab6c57	2.7331972651065692
542	7dcd340d84f762eba80aa538b0c527f7	2.733999286538387
543	81448138f5f163ccdba4acc69819f280	2.734799829588847
544	97e8527feaf77a97fc38f34216141515	2.73559889969818
545	647bba344396e7c8170902bcf2e15551	2.7363965022766426
546	ed265bc903a5a097f61d3ec064d96d2e	2.7371926427047373
547	c75b6f114c23a4d7ea11331e7c00e73c	2.737987326333431
548	8d34201a5b85900908db6cae92723617	2.738780558484369
549	ccb1d45fb76f7c5a0bf619f979c6cf36	2.739572344450092
550	01f78be6f7cad02658508fe4616098a9	2.7403626894942437
551	7f24d240521d99071c93af3917215ef7	2.741151598851785
552	94c7bb58efc3b337800875b5d382a072	2.741939077729199
553	f387624df552cea2f369918c5e1e12bc	2.7427251313046983
554	5e388103a391daabe3de1d76a6739ccd	2.74350976472843
555	15de21c670ae7c3f6f3f1f37029303c9	2.7442929831226763
556	11b921ef080f7736089c757404650e40	2.7450747915820575
557	6e2713a6efee97bacb63e52c54f0ada0	2.745855195173729
558	1bb91f73e9d31ea2830a5e73ce3ed328	2.7466341989375787
559	3a0772443a0739141292a5429b952fe6	2.747411807886423
560	a9a6653e48976138166de32772b1bf40	2.7481880270062002
561	58ae749f25eded36f486bc85feb3f0ab	2.7489628612561616
562	4e4b5fbbbb602b6d35bea8460aa8f8e5	2.749736315569061
563	8eefcfdf5990e441f0fb6f3fad709e21	2.7505083948513462
564	1728efbda81692282ba642aafd57be3a	2.751279103983342
565	cbcb58ac2e496207586df2854b17995f	2.7520484478194387
566	db85e2590b6109813dafa101ceb2faeb	2.7528164311882715
567	99c5e07b4d5de9d18c350cdf64c5aa3d	2.7535830588929064
568	dd458505749b2941217ddd59394240e8	2.754348335711019
569	8b16ebc056e613024c057be590b542eb	2.7551122663950713
570	a86c450b76fb8c371afead6410d55534	2.7558748556724915
571	c9892a989183de32e976c6f04e700201	2.756636108245848
572	e6b4b2a746ed40e1af829d1fa82daa10	2.7573960287930244
573	e5f6ad6ce374177eef023bf5d0c018b6	2.75815462196739
574	f0e52b27a7a5d6a1a87373dffa53dbe5	2.7589118923979736
575	ffeabd223de0d4eacb9a3e6e53e5448d	2.7596678446896306
576	a7aeed74714116f3b292a982238f83d2	2.760422483423212
577	fde9264cf376fffe2ee4ddf4a988880d	2.7611758131557314
578	a8849b052492b5106526b2331e526138	2.761927838420529
579	258be18e31c8188555c2ff05b4d542c3	2.762678563727436
580	069d3bb002acd8d7dd095917f9efe4cb	2.7634279935629373
581	c6e19e830859f2cb9f7c8f8cacb8d2a6	2.7641761323903307
582	46922a0880a8f11f8f69cbb52b1396be	2.7649229846498886
583	9ad6aaed513b73148b7d49f70afcfb32	2.765668554759014
584	f5deaeeae1538fb6c45901d524ee2f98	2.7664128471123997
585	a9a1d5317a33ae8cef33961c34144f84	2.7671558660821804
586	605ff764c617d3cd28dbbdd72be8f9a2	2.767897616018091
587	766ebcd59621e305170616ba3d3dac32	2.7686381012476144
588	daca41214b39c5dc66674d09081940f0	2.7693773260761385
589	30bb3825e8f631cc6075c0f87bb4978c	2.7701152947871015
590	08b255a5d42b89b0585260b6f2360bdd	2.7708520116421442
591	3493894fa4ea036cfc6433c3e2ee63b0	2.7715874808812555
592	dbe272bab69f8e13f14b405e038deb64	2.77232170672292
593	acc3e0404646c57502b480dc052c4fe1	2.7730546933642626
594	076a0c97d09cf1a0ec3e19c7f2529f2b	2.7737864449811935
595	04ecb1fa28506ccb6f72b12c0245ddbc	2.7745169657285498
596	b2eeb7362ef83deff5c7813a67e14f0a	2.7752462597402365
597	08c5433a60135c32e34f46a71175850c	2.775974331129369
598	6aca97005c68f1206823815f66102863	2.776701183988411
599	3435c378bb76d4357324dd7e69f3cd18	2.7774268223893115
600	d490d7b4576290fa60eb31b5fc917ad1	2.7781512503836434
601	b2f627fff19fda463cb386442eac2b3d	2.7788744720027396
602	c3992e9a68c5ae12bd18488bc579b30d	2.7795964912578244
603	d86ea612dec96096c5e0fcc8dd42ab6d	2.780317312140151
604	9cf81d8026a9018052c429cc4e56739b	2.7810369386211318
605	c361bc7b2c033a83d663b8d9fb4be56e	2.781755374652469
606	44c4c17332cace2124a1a836d9fc4b6f	2.782472624166286
607	dc82d632c9fcecb0778afbc7924494a6	2.7831886910752575
608	996a7fa078cc36c46d02f9af3bef918b	2.783903579272735
609	d7a728a67d909e714c0774e22cb806f2	2.784617292632875
610	00ac8ed3b4327bdd4ebbebcb2ba10a00	2.785329835010767
611	8ebda540cbcc4d7336496819a46a1b68	2.786041210242554
612	f76a89f0cb91bc419542ce9fa43902dc	2.7867514221455614
613	f29c21d4897f78948b91f03172341b7b	2.787460474518415
614	851ddf5058cf22df63d3344ad89919cf	2.788168371141168
615	58d4d1e7b1e97b258c9ed0b37e02d087	2.788875115775417
616	7750ca3559e5b8e1f44210283368fc16	2.7895807121644256
617	5d44ee6f2c3f71b73125876103c8f6c4	2.7902851640332416
618	eb6fdc36b281b7d5eabf33396c2683a2	2.790988475088816
619	cdc0d6e63aa8e41c89689f54970bb35f	2.791690649020118
620	b73dfe25b4b8714c029b37a6ad3006fa	2.792391689498254
621	85fc37b18c57097425b52fc7afbb6969	2.79309160017658
622	3871bd64012152bfb53fdf04b401193f	2.7937903846908188
623	a733fa9b25f33689e2adbe72199f0e62	2.7944880466591697
624	48ab2f9b45957ab574cf005eb8a76760	2.795184589682424
625	233509073ed3432027d48b1a83f5fbd2	2.7958800173440754
626	45645a27c4f1adc8a7a835976064a86d	2.7965743332104296
627	185c29dc24325934ee377cfda20e414c	2.7972675408307164
628	42e77b63637ab381e8be5f8318cc28a2	2.797959643737196
629	051e4e127b92f5d98d3c79b195f2b291	2.798650645445269
630	9cc138f8dc04cbf16240daa92d8d50e2	2.7993405494535817
631	b7bb35b9c6ca2aee2df08cf09d7016c2	2.8000293592441343
632	abd815286ba1007abfbb8415b83ae2cf	2.800717078282385
633	26dd0dbc6e3f4c8043749885523d6a25	2.801403710017355
634	6766aa2750c19aad2fa1b32f36ed4aee	2.802089257881733
635	6a10bbd480e4c5573d8f3af73ae0454b	2.8027737252919755
636	c5ab0bc60ac7929182aadd08703f1ec6	2.803457115648414
637	a532400ed62e772b9dc0b86f46e583ff	2.8041394323353503
638	4c27cea8526af8cfee3be5e183ac9605	2.8048206787211623
639	0f96613235062963ccde717b18f97592	2.8055008581584002
640	4ffce04d92a4d6cb21c1494cdfcd6dc1	2.806179973983887
641	67e103b0761e60683e83c559be18d40c	2.8068580295188172
642	291597a100aadd814d197af4f4bab3a7	2.807535028068853
643	9b698eb3105bd82528f23d0c92dedfc0	2.808210972924222
644	8c7bbbba95c1025975e548cee86dfadc	2.808885867359812
645	5e9f92a01c986bafcabbafd145520b13	2.8095597146352675
646	0ff39bbbf981ac0151d340c9aa40e63e	2.8102325179950842
647	303ed4c69846ab36c2904d3ba8573050	2.8109042806687006
648	443cb001c138b2561a0d90720d6ce111	2.8115750058705933
649	55b37c5c270e5d84c793e486d798c01d	2.812244696800369
650	884d247c6f65a96a7da4d1105d584ddd	2.8129133566428557
651	55743cc0393b1cb4b8b37d09ae48d097	2.813580988568192
652	30ef30b64204a3088a26bc2e6ecf7602	2.81424759573192
653	eaae339c4d89fc102edd9dbdb6a28915	2.814913181275074
654	ab233b682ec355648e7891e66c54191b	2.815577748324267
655	3d2d8ccb37df977cb6d9da15b76c3f3a	2.816241299991783
656	26408ffa703a72e8ac0117e74ad46f33	2.8169038393756605
657	b4288d9c0ec0a1841b3b3728321e7088	2.8175653695597807
658	2f37d10131f2a483a8dd005b3d14b0d9	2.8182258936139557
659	0ff8033cf9437c213ee13937b1c4c455	2.8188854145940097
660	68264bdb65b97eeae6788aa3348e553c	2.8195439355418688
661	3a066bda8c96b9478bb0512f0a43028c	2.82020145948564
662	be3159ad04564bfb90db9e32851ebf9c	2.8208579894397
663	8757150decbd89b0f5442ca3db4d0e0e	2.821513528404773
664	2291d2ec3b3048d1a6f86c2c4591b7e0	2.8221680793680175
665	84117275be999ff55a987b9381e01f96	2.8228216453031045
666	fae0b27c451c728867a567e8c1bb4e53	2.823474229170301
667	b5dc4e5d9b495d0196f61d45b26ef33e	2.824125833916549
668	192fc044e74dffea144f9ac5dc9f3395	2.824776462475546
669	5c04925674920eb58467fb52ce4ef728	2.8254261177678233
670	17c276c8e723eb46aef576537e9d56d0	2.8260748027008264
671	5dd9db5e033da9c6fb5ba83c7a7ebea9	2.826722520168992
672	2dea61eed4bceec564a00115c4d21334	2.8273692730538253
673	9f396fe44e7c05c16873b05ec425cbad	2.828015064223977
674	0d7de1aca9299fe63f3e0041f02638a3	2.82865989653532
675	8fecb20817b3847419bb3de39a609afe	2.829303772831025
676	dc6a70712a252123c40d2adba6a11d84	2.829946695941636
677	71a3cb155f8dc89bf3d0365288219936	2.8305886686851442
678	9fe8593a8a330607d76796b35c64c600	2.8312296938670634
679	ca9c267dad0305d1a6308d2a0cf1c39c	2.8318697742805017
680	fccb3cdc9acc14a6e70a12f74560c026	2.832508912706236
681	1595af6435015c77a7149e92a551338e	2.833147111912785
682	08d98638c6fcd194a4b1e6992063e944	2.833784374656479
683	24681928425f5a9133504de568f5f6df	2.8344207036815328
684	556f391937dfd4398cbac35e050a2177	2.835056101720116
685	3328bdf9a4b9504b9398284244fe97c2	2.8356905714924254
686	109a0ca3bc27f3e96597370d5c8cf03d	2.8363241157067516
687	7f5d04d189dfb634e6a85bb9d9adf21e	2.8369567370595505
688	f79921bbae40a577928b76d2fc3edc2a	2.837588438235511
689	07a96b1f61097ccb54be14d6a47439b0	2.8382192219076257
690	c06d06da9666a219db15cf575aff2824	2.838849090737255
691	10a5ab2db37feedfdeaab192ead4ac0e	2.8394780473741985
692	e555ebe0ce426f7f9b2bef0706315e0c	2.840106094456758
693	53e3a7161e428b65688f14b84d61c610	2.8407332346118066
694	5487315b1286f907165907aa8fc96619	2.841359470454855
695	e4bb4c5173c2ce17fd8fcd40041c068f	2.8419848045901137
696	0cb929eae7a499e50248a3a78f7acfc7	2.842609239610562
697	8a0e1141fd37fa5b98d5bb769ba1a7cc	2.8432327780980096
698	99bcfcd754a98ce89cb86f73acc04645	2.843855422623161
699	afd4836712c5e77550897e25711e1d96	2.8444771757456815
700	e5841df2166dd424a57127423d276bbe	2.845098040014257
701	b4a528955b84f584974e92d025a75d1f	2.8457180179666586
702	b1eec33c726a60554bc78518d5f9b32c	2.846337112129805
703	d6c651ddcd97183b2e40bc464231c962	2.846955325019824
704	f64eac11f2cd8f0efa196f8ad173178e	2.847572659142112
705	4a47d2983c8bd392b120b627e0e1cab4	2.848189116991399
706	9c82c7143c102b71c593d98d96093fde	2.8488047010518036
707	500e75a036dc2d7d2fec5da1b71d36cc	2.8494194137968996
708	ae0eb3eed39d2bcef4622b2499a05fe6	2.850033257689769
709	1ecfb463472ec9115b10c292ef8bc986	2.8506462351830666
710	e70611883d2760c8bbafb4acb29e3446	2.8512583487190755
711	6081594975a764c8e3a691fa2b3a321d	2.851869600729766
712	19bc916108fc6938f52cb96f7e087941	2.8524799936368566
713	07c5807d0d927dcd0980f86024e5208b	2.8530895298518657
714	d14220ee66aeec73c49038385428ec4c	2.8536982117761744
715	8df707a948fac1b4a0f97aa554886ec8	2.8543060418010806
716	e7f8a7fb0b77bcb3b283af5be021448f	2.8549130223078554
717	788d986905533aba051261497ecffcbb	2.8555191556678
718	50c3d7614917b24303ee6a220679dab3	2.8561244442423
719	2afe4567e1bf64d32a5527244d104cea	2.8567288903828825
720	5f2c22cb4a5380af7ca75622a6426917	2.8573324964312685
721	aba3b6fd5d186d28e06ff97135cade7f	2.857935264719429
722	c8ed21db4f678f3b13b9d5ee16489088	2.858537197569639
723	08419be897405321542838d77f855226	2.859138297294531
724	7f1171a78ce0780a2142a6eb7bc4f3c8	2.859738566197147
725	82f2b308c3b01637c607ce05f52a2fed	2.8603380065709936
726	0d3180d672e08b4c5312dcdafdf6ef36	2.8609366207000937
727	fb89705ae6d743bf1e848c206e16a1d7	2.8615344108590377
728	d4c2e4a3297fe25a71d030b67eb83bfc	2.862131379313037
729	5751ec3e9a4feab575962e78e006250d	2.8627275283179747
730	d5cfead94f5350c12c322b5b664544c1	2.863322860120456
731	59c33016884a62116be975a9bb8257e3	2.8639173769578603
732	ba3866600c3540f67c1e9575e213be0a	2.864511081058392
733	6c29793a140a811d0c45ce03c1c93a28	2.8651039746411278
734	e995f98d56967d946471af29d7bf99f1	2.8656960599160706
735	6cd67d9b6f0150c77bda2eda01ae484c	2.8662873390841948
736	6bc24fc1ab650b25b4114e93a98f1eba	2.866877814337499
737	a5cdd4aa0048b187f7182f1b9ce7a6a7	2.8674674878590514
738	217eedd1ba8c592db97d0dbe54c7adfc	2.8680563618230415
739	df263d996281d984952c07998dc54358	2.8686444383948255
740	edfbe1afcf9246bb0d40eb4d8027d90f	2.8692317197309762
741	2e65f2f2fdaf6c699b223c61b1b5ab89	2.869818207979328
742	e94550c93cd70fe748e6982b3439ad3b	2.870403905279027
743	5c572eca050594c7bc3c36e7e8ab9550	2.8709888137605755
744	0537fb40a68c18da59a35c2bfe1ca554	2.8715729355458786
745	5f0f5e5f33945135b874349cfbed4fb9	2.8721562727482928
746	185e65bc40581880c4f2c82958de8cfe	2.8727388274726686
747	8d317bdcf4aafcfc22149d77babee96d	2.873320601815399
748	e49b8b4053df9505e1f48c3a701c0682	2.8739015978644615
749	b056eb1587586b71e2da9acfe4fbd19e	2.8744818176994666
750	b137fdd1f79d56c7edf3365fea7520f2	2.8750612633917
751	912d2b1c7b2826caf99687388d2e8f7c	2.8756399370041685
752	a1d33d0dfec820b41b54430b50e96b5c	2.876217840591642
753	6f2268bd1d3d3ebaabb04d6b5d099425	2.8767949762007006
754	872488f88d1b2db54d55bc8bba2fad1b	2.877371345869774
755	ccb0989662211f61edae2e26d58ea92f	2.8779469516291885
756	2823f4797102ce1a1aec05359cc16dd9	2.8785217955012063
757	470e7a4f017a5476afb7eeb3f8b96f9b	2.8790958795000727
758	bf62768ca46b6c3b5bea9515d1a1fc45	2.8796692056320534
759	fa14d4fe2f19414de3ebd9f63d5c0169	2.88024177589548
760	2ca65f58e35d9ad45bf7f3ae5cfd08f1	2.8808135922807914
761	88ae6372cfdc5df69a976e893f4d554b	2.8813846567705728
762	06997f04a7db92466a2baa6ebc8b872d	2.8819549713396007
763	eefc9e10ebdc4a2333b42b2dbb8f27b6	2.8825245379548803
764	5807a685d1a9ab3b599035bc566ce2b9	2.8830933585756897
765	d840cc5d906c3e9c84374c8919d2074e	2.8836614351536176
766	959a557f5f6beb411fd954f3f34b21c3	2.884228769632604
767	f2201f5191c4e92cc5af043eebfd0946	2.884795363948981
768	3a835d3215755c435ef4fe9965a3f2a0	2.885361220031512
769	288cc0ff022877bd3df94bc9360b9c5d	2.885926339801431
770	4ea06fbc83cdd0a06020c35d50e1e89a	2.886490725172482
771	b7ee6f5f9aa5cd17ca1aea43ce848496	2.8870543780509568
772	e57c6b956a6521b28495f2886ca0977a	2.887617300335736
773	86b122d4358357d834a87ce618a55de0	2.888179493918325
774	4e0928de075538c593fbdabb0c5ef2c3	2.8887409606828927
775	c0f168ce8900fa56e57789e2a2f2c9d0	2.88930170250631
776	8c6744c9d42ec2cb9e8885b54ff744d0	2.8898617212581885
777	f1c1592588411002af340cbaedd6fc33	2.890421018800914
778	e07413354875be01a996dc560274708e	2.890979596989689
779	67d96d458abdef21792e6d8e590244e7	2.8915374576725643
780	a8e864d04c95572d1aece099af852d0a	2.8920946026904804
781	7143d7fbadfa4693b9eec507d9d37443	2.8926510338773004
782	72da7fd6d1302c0a159f6436d01e9eb0	2.893206753059848
783	6e0721b2c6977135b916ef286bcb49ec	2.8937617620579434
784	fc8001f834f6a5f0561080d134d53d29	2.8943160626844384
785	4b04a686b0ad13dce35fa99fa4161c65	2.8948696567452528
786	61b4a64be663682e8cb037d9719ad8cd	2.895422546039408
787	3621f1454cacf995530ea53652ddf8fb	2.8959747323590648
788	c15da1f2b5e5ed6e6837a3802f0d1593	2.8965262174895554
789	68053af2923e00204c3ca7c6a3150cf7	2.89707700320942
790	2dace78f80bc92e6d7493423d729448e	2.8976270912904414
791	df7f28ac89ca37bf1abd2f6c184fe1cf	2.8981764834976764
792	96ea64f3a1aa2fd00c72faacf0cb8ac9	2.8987251815894934
793	da8ce53cf0240070ce6c69c48cd588ee	2.8992731873176036
794	82489c9737cc245530c7a6ebef3753ec	2.8998205024270964
795	7c590f01490190db0ed02a5070e20f01	2.9003671286564705
796	35cf8659cfcb13224cbd47863a34fc58	2.900913067737669
797	beb22fb694d513edcf5533cf006dfeae	2.9014583213961123
798	9e3cfc48eccf81a0d57663e129aef3cb	2.9020028913507296
799	28267ab848bcf807b2ed53c3a8f8fc8a	2.902546779313991
800	7a53928fa4dd31e82c6ef826f341daec	2.9030899869919438
801	1905aedab9bf2477edc068a355bba31a	2.9036325160842376
802	1141938ba2c2b13f5505d7c424ebae5f	2.9041743682841634
803	1aa48fc4880bb0c9b8a3bf979d3b917e	2.904715545278681
804	dc5689792e08eb2e219dce49e64c885b	2.905256048748451
805	846c260d715e5b854ffad5f70a516c88	2.9057958803678687
806	d58072be2820e8682c0a27c0518e805e	2.906335041805091
807	6e7b33fdea3adc80ebd648fffb665bb8	2.90687353472207
808	a8ecbabae151abacba7dbde04f761c37	2.907411360774586
809	32b30a250abd6331e03a2a1f16466346	2.9079485216122722
810	b6edc1cd1f36e45daf6d7824d7bb2283	2.90848501887865
811	670e8a43b246801ca1eaca97b3e19189	2.909020854211156
812	81e74d678581a3bb7a720b019f4f1a93	2.9095560292411755
813	e0cf1f47118daebc5b16269099ad7347	2.910090545594068
814	96b9bff013acedfb1d140579e2fbeb63	2.910624404889201
815	71ad16ad2c4d81f348082ff6c4b20768	2.9111576087399764
816	43fa7f58b7eac7ac872209342e62e8f1	2.9116901587538613
817	31839b036f63806cba3f47b93af8ccb5	2.9122220565324155
818	f0adc8838f4bdedde4ec2cfad0515589	2.912753303671323
819	3b5dca501ee1e6d8cd7b905f4e1bf723	2.9132839017604186
820	e2a2dcc36a08a345332c751b2f2e476c	2.9138138523837167
821	4558dbb6f6f8bb2e16d03b85bde76e2c	2.9143431571194407
822	afda332245e2af431fb7b672a68b659d	2.9148718175400505
823	632cee946db83e7a52ce5e8d6f0fed35	2.91539983521227
824	677e09724f0e2df9b6c000b75b5da10d	2.9159272116971158
825	d554f7bb7be44a7267068a7df88ddd20	2.916453948549925
826	795c7a7a5ec6b460ec00c5841019b9e9	2.9169800473203824
827	fa3a3c407f82377f55c19c5d403335c7	2.9175055095525466
828	c2626d850c80ea07e7511bbae4c76f4b	2.9180303367848803
829	ce78d1da254c0843eb23951ae077ff5f	2.9185545305502734
830	8e82ab7243b7c66d768f1b8ce1c967eb	2.9190780923760737
831	e0ec453e28e061cc58ac43f91dc2f3f0	2.919601023784111
832	7250eb93b3c18cc9daa29cf58af7a004	2.920123326290724
833	013a006f03dbc5392effeb8f18fda755	2.9206450014067875
834	301ad0e3bd5cb1627a2044908a42fdc2	2.921166050637739
835	4d5b995358e7798bc7e9d9db83c612a5	2.921686475483602
836	ab88b15733f543179858600245108dd8	2.9222062774390163
837	b0b183c207f46f0cca7dc63b2604f5cc	2.92272545799326
838	f9028faec74be6ec9b852b0a542e2f39	2.9232440186302764
839	8f7d807e1f53eff5f9efbe5cb81090fb	2.9237619608287004
840	fa83a11a198d5a7f0bf77a1987bcd006	2.9242792860618816
841	02a32ad2669e6fe298e607fe7cc0e1a0	2.924795995797912
842	fc3cf452d3da8402bebb765225ce8c0e	2.9253120914996495
843	3d8e28caf901313a554cebc7d32e67e5	2.9258275746247424
844	e97ee2054defb209c35fe4dc94599061	2.926342446625655
845	b86e8d03fe992d1b0e19656875ee557c	2.926856708949692
846	84f7e69969dea92a925508f7c1f9579a	2.9273703630390235
847	f4552671f8909587cf485ea990207f3b	2.9278834103307068
848	362e80d4df43b03ae6d3f8540cd63626	2.9283958522567137
849	fe8c15fed5f808006ce95eddb7366e35	2.928907690243953
850	1efa39bcaec6f3900149160693694536	2.929418925714293
851	92fb0c6d1758261f10d052e6e2c1123c	2.929929560084588
852	22ac3c5a5bf0b520d281c122d1490650	2.9304395947667
853	aff1621254f7c1be92f64550478c56e6	2.930949031167523
854	f7e9050c92a851b0016442ab604b0488	2.931457870689005
855	addfa9b7e234254d26e9c7f2af1005cb	2.931966114728173
856	8c235f89a8143a28a1d6067e959dd858	2.932473764677153
857	847cc55b7032108eee6dd897f3bca8a5	2.932980821923198
858	a67f096809415ca1c9f112d96d27689b	2.9334872878487053
859	2a084e55c87b1ebcdaad1f62fdbbac8e	2.9339931638312424
860	fc49306d97602c8ed1be1dfbf0835ead	2.934498451243568
861	f9a40a4780f5e1306c46f1c8daecee3b	2.935003151453655
862	5ec91aac30eae62f4140325d09b9afd0	2.9355072658247128
863	19b650660b253761af189682e03501dd	2.9360107957152097
864	1fc214004c9481e4c8073e85323bfd4b	2.936513742478893
865	3b3dbaf68507998acd6a5a5254ab2d76	2.9370161074648142
866	ca8155f4d27f205953f9d3d7974bdd70	2.937517892017347
867	ede7e2b6d13a41ddf9f4bdef84fdc737	2.9380190974762104
868	dd45045f8c68db9f54e70c67048d32e8	2.938519725176492
869	49c9adb18e44be0711a94e827042f630	2.9390197764486663
870	22fb0cee7e1f3bde58293de743871417	2.9395192526186187
871	aeb3135b436aa55373822c010763dd54	2.9400181550076634
872	43feaeeecd7b2fe2ae2e26d917b6477d	2.940516484932567
873	98d6f58ab0dafbb86b083a001561bb34	2.9410142437055695
874	51ef186e18dc00c2d31982567235c559	2.941511432634403
875	4b0a59ddf11c58e7446c9df0da541a84	2.942008053022313
876	67d16d00201083a2b118dd5128dd6f59	2.9425041061680806
877	352407221afb776e3143e8a1a0577885	2.9429995933660407
878	dd8eb9f23fbd362da0e3f4e70b878c16	2.9434945159061026
879	d516b13671a4179d9b7b458a6ebdeb92	2.9439888750737717
880	1f50893f80d6830d62765ffad7721742	2.9444826721501687
881	7504adad8bb96320eb3afdd4df6e1f60	2.9449759084120477
882	6c3cf77d52820cd0fe646d38bc2145ca	2.94546858513182
883	210f760a89db30aa72ca258a3483cc7f	2.9459607035775686
884	170c944978496731ba71f34c25826a34	2.946452265013073
885	0efe32849d230d7f53049ddc4a4b0c60	2.9469432706978256
886	704afe073992cbe4813cae2f7715336f	2.9474337218870508
887	7ce3284b743aefde80ffd9aec500e085	2.9479236198317262
888	0a113ef6b61820daa5611c870ed8d5ee	2.948412965778601
889	07871915a8107172b3b5dc15a6574ad3	2.9489017609702137
890	024d7f84fff11dd7e8d9c510137a2381	2.949390006644913
891	cfbce4c1d7c425baf21d6b6f2babe6be	2.949877704036875
892	c2aee86157b4a40b78132f1e71a9e6f1	2.950364854376123
893	d56b9fc4b0f1be8871f5e1c40c0067e7	2.9508514588885464
894	4b0250793549726d5c1ea3906726ebfe	2.951337518795918
895	20aee3a5f4643755a79ee5f6a73050ac	2.951823035315912
896	061412e4a03c02f9902576ec55ebbe77	2.9523080096621253
897	5705e1164a8394aace6018e27d20d237	2.952792443044092
898	a64c94baaf368e1840a1324e839230de	2.9532763366673045
899	01882513d5fa7c329e940dda99b12147	2.9537596917332287
900	acf4b89d3d503d8252c9c4ba75ddbf6d	2.9542425094393248
901	892c91e0a653ba19df81a90f89d99bcd	2.954724790979063
902	b6a1085a27ab7bff7550f8a3bd017df8	2.9552065375419416
903	aa169b49b583a2b5af89203c2b78c67c	2.9556877503135057
904	f47d0ad31c4c49061b9e505593e3db98	2.9561684304753633
905	f57a2f557b098c43f11ab969efe1504b	2.9566485792052033
906	c8fbbc86abe8bd6a5eb6a3b4d0411301	2.957128197676813
907	621461af90cadfdaf0e8d4cc25129f91	2.957607287060095
908	8b6dd7db9af49e67306feb59a8bdc52c	2.958085848521085
909	a4300b002bcfb71f291dac175d52df94	2.9585638832219674
910	e205ee2a5de471a70c1fd1b46033a75f	2.9590413923210934
911	b56a18e0eacdf51aa2a5306b0f533204	2.9595183769729982
912	2a9d121cd9c3a1832bb6d2cc6bd7a8a7	2.959994838328416
913	8b5040a8a5baf3e0e67386c2e3a9b903	2.960470777534299
914	7634ea65a4e6d9041cfd3f7de18e334a	2.960946195733831
915	24896ee4c6526356cc127852413ea3b4	2.9614210940664485
916	23ce1851341ec1fa9e0c259de10bf87c	2.9618954736678504
917	da0d1111d2dc5d489242e60ebcbaf988	2.962369335670021
918	1e056d2b0ebd5c878c550da6ac5d3724	2.9628426812012423
919	3e89ebdb49f712c7d90d1b39e348bbbf	2.9633155113861114
920	6d0f846348a856321729a2f36734d1a7	2.963787827345555
921	430c3626b879b4005d41b8a46172e0c0	2.964259630196849
922	ccc0aa1b81bf81e16c676ddb977c5881	2.9647309210536292
923	c4015b7f368e6b4871809f49debe0579	2.965201701025912
924	bea5955b308361a1b07bc55042e25e54	2.9656719712201065
925	7fa732b517cbed14a48843d74526c11a	2.9661417327390325
926	cbb6a3b884f4f88b3a8e3d44c636cbd8	2.966610986681934
927	1f4477bad7af3616c1f933a02bfabe4e	2.967079734144497
928	d045c59a90d7587d8d671b5f5aec4e7c	2.967547976218862
929	0d0871f0806eae32d30983b62252da50	2.968015713993642
930	1cc3633c579a90cfdd895e64021e2163	2.9684829485539352
931	9f53d83ec0691550f7d2507d57f4f5a2	2.9689496809813427
932	d2ed45a52bc0edfa11c2064e9edee8bf	2.9694159123539814
933	043c3d7e489c69b48737cc0c92d0f3a2	2.9698816437465
934	4daa3db355ef2b0e64b472968cb70f0d	2.9703468762300935
935	e820a45f1dfc7b95282d10b6087e11c0	2.9708116108725178
936	90794e3b050f815354e3e29e977a88ab	2.971275848738105
937	b7892fb3c2f009c65f686f6355c895b5	2.971739590887778
938	74bba22728b6185eec06286af6bec36d	2.9722028383790646
939	3df1d4b96d8976ff5986393e8767f5b2	2.972665592266111
940	8d6dc35e506fc23349dd10ee68dabb64	2.9731278535996988
941	92262bf907af914b95a0fc33c3f33bf6	2.973589623427257
942	b55ec28c52d5f6205684a473a2193564	2.9740509027928774
943	2f885d0fbe2e131bfc9d98363e55d1d4	2.9745116927373285
944	64223ccf70bbb65a3a4aceac37e21016	2.974971994298069
945	4b6538a44a1dfdc2b83477cd76dee98e	2.975431808509263
946	c8c41c4a18675a74e01c8a20e8a0f662	2.975891136401793
947	c4b31ce7d95c75ca70d50c19aef08bf1	2.9763499790032735
948	58e4d44e550d0f7ee0a23d6b02d9b0db	2.976808337338066
949	3cef96dcc9b8035d23f69e30bb19218a	2.977266212427293
950	a3d68b461bd9d3533ee1dd3ce4628ed4	2.9777236052888476
951	1c1d4df596d01da60385f0bb17a4a9e0	2.978180516937414
952	e6cb2a3c14431b55aa50c06529eaa21b	2.9786369483844743
953	9232fe81225bcaef853ae32870a2b0fe	2.979092900638326
954	6395ebd0f4b478145ecfbaf939454fa4	2.979548374704095
955	ef4e3b775c934dada217712d76f3d51f	2.9800033715837464
956	168908dd3227b8358eababa07fcaf091	2.9804578922761
957	2ba596643cbbbc20318224181fa46b28	2.9809119377768436
958	d240e3d38a8882ecad8633c8f9c78c9b	2.9813655090785445
959	0f840be9b8db4d3fbd5ba2ce59211f55	2.9818186071706636
960	437d7d1d97917cd627a34a6a0fb41136	2.9822712330395684
961	d707329bece455a462b58ce00d1194c9	2.9827233876685453
962	5c936263f3428a40227908d5a3847c0b	2.983175072037813
963	1ce927f875864094e3906a4a0b5ece68	2.9836262871245345
964	8065d07da4a77621450aa84fee5656d9	2.984077033902831
965	eeb69a3cb92300456b6a5f4162093851	2.9845273133437926
966	4e0cb6fb5fb446d1c92ede2ed8780188	2.9849771264154934
967	6cfe0e6127fa25df2a0ef2ae1067d915	2.9854264740830017
968	8f468c873a32bb0619eaeb2050ba45d1	2.9858753573083936
969	e744f91c29ec99f0e662c9177946c627	2.986323777050765
970	89fcd07f20b6785b92134bd6c1d0fa42	2.9867717342662448
971	6602294be910b1e3c4571bd98c4d5484	2.9872192299080047
972	c22abfa379f38b5b0411bc11fa9bf92f	2.9876662649262746
973	ca75910166da03ff9d4655a0338e6b09	2.988112840268352
974	4311359ed4969e8401880e3c1836fbe1	2.9885589568786157
975	92977ae4d2ba21425a59afb269c2a14e	2.989004615698537
976	9c01802ddb981e6bcfbec0f0516b8e35	2.9894498176666917
977	cc1aa436277138f61cda703991069eaf	2.989894563718773
978	2ab56412b1163ee131e1246da0955bd1	2.9903388547876015
979	c32d9bf27a3da7ec8163957080c8628e	2.9907826918031377
980	d79aac075930c83c2f1e369a511148fe	2.9912260756924947
981	287e03db1d99e0ec2edb90d079e142f3	2.9916690073799486
982	fec8d47d412bcbeece3d9128ae855a7a	2.9921114877869495
983	6aab1270668d8cac7cef2566a1c5f569	2.9925535178321354
984	d93ed5b6db83be78efb0d05ae420158e	2.9929950984313414
985	54a367d629152b720749e187b3eaa11b	2.9934362304976116
986	fe7ee8fc1959cc7214fa21c4840dff0a	2.993876914941211
987	df6d2338b2b8fce1ec2f6dda0a630eb0	2.9943171526696366
988	9908279ebbf1f9b250ba689db6a0222b	2.9947569445876283
989	a1140a3d0df1c81e24ae954d935e8926	2.9951962915971793
990	4fac9ba115140ac4f1c22da82aa0bc7f	2.99563519459755
991	692f93be8c7a41525c0baf2076aecfb4	2.9960736544852753
992	860320be12a1c050cd7731794e231bd3	2.9965116721541785
993	7b13b2203029ed80337f27127a9f1d28	2.996949248495381
994	934815ad542a4a7c5e8a2dfa04fea9f5	2.997386384397313
995	2bcab9d935d219641434683dd9d18a03	2.9978230807457256
996	0b8aff0438617c055eb55f0ba5d226fa	2.998259338423699
997	ec5aa0b7846082a2415f0902f0da88f2	2.998695158311656
998	9ab0d88431732957a618d4a469a0d4c3	2.999130541287371
999	b706835de79a2b4e80506f582af3676a	2.9995654882259823
1000	a9b7ba70783b617e9998dc4dd82eb3c5	3
100	This text replaces the md5 hash for some rows with\nsimple text	2
101	This text replaces the md5 hash for some rows with\nsimple text	2.0043213737826426
102	This text replaces the md5 hash for some rows with\nsimple text	2.0086001717619175
103	This text replaces the md5 hash for some rows with\nsimple text	2.012837224705172
104	This text replaces the md5 hash for some rows with\nsimple text	2.0170333392987803
105	This text replaces the md5 hash for some rows with\nsimple text	2.0211892990699383
106	This text replaces the md5 hash for some rows with\nsimple text	2.0253058652647704
107	This text replaces the md5 hash for some rows with\nsimple text	2.0293837776852097
108	This text replaces the md5 hash for some rows with\nsimple text	2.03342375548695
109	This text replaces the md5 hash for some rows with\nsimple text	2.037426497940624
110	This text replaces the md5 hash for some rows with\nsimple text	2.041392685158225
111	This text replaces the md5 hash for some rows with\nsimple text	2.0453229787866576
112	This text replaces the md5 hash for some rows with\nsimple text	2.0492180226701815
113	This text replaces the md5 hash for some rows with\nsimple text	2.0530784434834195
114	This text replaces the md5 hash for some rows with\nsimple text	2.0569048513364727
115	This text replaces the md5 hash for some rows with\nsimple text	2.060697840353612
116	This text replaces the md5 hash for some rows with\nsimple text	2.0644579892269186
117	This text replaces the md5 hash for some rows with\nsimple text	2.0681858617461617
118	This text replaces the md5 hash for some rows with\nsimple text	2.0718820073061255
119	This text replaces the md5 hash for some rows with\nsimple text	2.0755469613925306
120	This text replaces the md5 hash for some rows with\nsimple text	2.0791812460476247
121	This text replaces the md5 hash for some rows with\nsimple text	2.0827853703164503
122	This text replaces the md5 hash for some rows with\nsimple text	2.0863598306747484
123	This text replaces the md5 hash for some rows with\nsimple text	2.089905111439398
124	This text replaces the md5 hash for some rows with\nsimple text	2.093421685162235
125	This text replaces the md5 hash for some rows with\nsimple text	2.0969100130080562
126	This text replaces the md5 hash for some rows with\nsimple text	2.100370545117563
127	This text replaces the md5 hash for some rows with\nsimple text	2.103803720955957
128	This text replaces the md5 hash for some rows with\nsimple text	2.1072099696478683
129	This text replaces the md5 hash for some rows with\nsimple text	2.110589710299249
130	This text replaces the md5 hash for some rows with\nsimple text	2.113943352306837
131	This text replaces the md5 hash for some rows with\nsimple text	2.1172712956557644
132	This text replaces the md5 hash for some rows with\nsimple text	2.12057393120585
133	This text replaces the md5 hash for some rows with\nsimple text	2.123851640967086
134	This text replaces the md5 hash for some rows with\nsimple text	2.1271047983648077
135	This text replaces the md5 hash for some rows with\nsimple text	2.130333768495006
136	This text replaces the md5 hash for some rows with\nsimple text	2.1335389083702174
137	This text replaces the md5 hash for some rows with\nsimple text	2.1367205671564067
138	This text replaces the md5 hash for some rows with\nsimple text	2.1398790864012365
139	This text replaces the md5 hash for some rows with\nsimple text	2.143014800254095
140	This text replaces the md5 hash for some rows with\nsimple text	2.146128035678238
\.


--
-- TOC entry 3616 (class 0 OID 16751)
-- Dependencies: 216
-- Data for Name: three_cols_pk; Type: TABLE DATA; Schema: public; Owner: postgres
--

COPY public.three_cols_pk (a, b, c) FROM stdin;
1	c4ca4238a0b923820dcc509a6f75849b	0
2	c81e728d9d4c2f636f067f89cc14862c	0.3010299956639812
3	eccbc87e4b5ce2fe28308fd9f2a7baf3	0.47712125471966244
4	a87ff679a2f3e71d9181a67b7542122c	0.6020599913279624
5	e4da3b7fbbce2345d7772b0674a318d5	0.6989700043360189
6	1679091c5a880faf6fb5e6087eb1b2dc	0.7781512503836436
7	8f14e45fceea167a5a36dedd4bea2543	0.8450980400142568
8	c9f0f895fb98ab9159f51fd0297e236d	0.9030899869919435
9	45c48cce2e2d7fbdea1afc51c7c6ad26	0.9542425094393249
10	d3d9446802a44259755d38e6d163e820	1
11	6512bd43d9caa6e02c990b0a82652dca	1.0413926851582251
12	c20ad4d76fe97759aa27a0c99bff6710	1.0791812460476249
13	c51ce410c124a10e0db5e4b97fc2af39	1.1139433523068367
14	aab3238922bcc25a6f606eb525ffdc56	1.146128035678238
15	9bf31c7ff062936a96d3c8bd1f8f2ff3	1.1760912590556813
16	c74d97b01eae257e44aa9d5bade97baf	1.2041199826559248
17	70efdf2ec9b086079795c442636b55fb	1.2304489213782739
18	6f4922f45568161a8cdf4ad2299f6d23	1.255272505103306
19	1f0e3dad99908345f7439f8ffabdffc4	1.2787536009528289
20	98f13708210194c475687be6106a3b84	1.3010299956639813
21	3c59dc048e8850243be8079a5c74d079	1.3222192947339193
22	b6d767d2f8ed5d21a44b0e5886680cb9	1.3424226808222062
23	37693cfc748049e45d87b8c7d8b9aacd	1.3617278360175928
24	1ff1de774005f8da13f42943881c655f	1.380211241711606
25	8e296a067a37563370ded05f5a3bf3ec	1.3979400086720377
26	4e732ced3463d06de0ca9a15b6153677	1.414973347970818
27	02e74f10e0327ad868d138f2b4fdd6f0	1.4313637641589874
28	33e75ff09dd601bbe69f351039152189	1.4471580313422192
29	6ea9ab1baa0efb9e19094440c317e21b	1.462397997898956
30	34173cb38f07f89ddbebc2ac9128303f	1.4771212547196624
31	c16a5320fa475530d9583c34fd356ef5	1.4913616938342726
32	6364d3f0f495b6ab9dcf8d3b5c6e0b01	1.505149978319906
33	182be0c5cdcd5072bb1864cdee4d3d6e	1.5185139398778875
34	e369853df766fa44e1ed0ff613f563bd	1.5314789170422551
35	1c383cd30b7c298ab50293adfecb7b18	1.5440680443502757
36	19ca14e7ea6328a42e0eb13d585e4c22	1.5563025007672873
37	a5bfc9e07964f8dddeb95fc584cd965d	1.568201724066995
38	a5771bce93e200c36f7cd9dfd0e5deaa	1.5797835966168101
39	d67d8ab4f4c10bf22aa353e27879133c	1.591064607026499
40	d645920e395fedad7bbbed0eca3fe2e0	1.6020599913279623
41	3416a75f4cea9109507cacd8e2f2aefc	1.6127838567197355
42	a1d0c6e83f027327d8461063f4ac58a6	1.6232492903979006
43	17e62166fc8586dfa4d1bc0e1742c08b	1.6334684555795864
44	f7177163c833dff4b38fc8d2872f1ec6	1.6434526764861874
45	6c8349cc7260ae62e3b1396831a8398f	1.6532125137753437
46	d9d4f495e875a2e075a1a4a6e1b9770f	1.662757831681574
47	67c6a1e7ce56d3d6fa748ab6d9af3fd7	1.6720978579357175
48	642e92efb79421734881b53e1e1b18b6	1.6812412373755872
49	f457c545a9ded88f18ecee47145a72c0	1.6901960800285136
50	c0c7c76d30bd3dcaefc96f40275bdc0a	1.6989700043360187
51	2838023a778dfaecdc212708f721b788	1.7075701760979363
52	9a1158154dfa42caddbd0694a4e9bdc8	1.7160033436347992
53	d82c8d1619ad8176d665453cfb2e55f0	1.724275869600789
54	a684eceee76fc522773286a895bc8436	1.7323937598229686
55	b53b3a3d6ab90ce0268229151c9bde11	1.7403626894942439
56	9f61408e3afb633e50cdf1b20de6f466	1.7481880270062005
57	72b32a1f754ba1c09b3695e0cb6cde7f	1.7558748556724915
58	66f041e16a60928b05a7e228a89c3799	1.7634279935629373
59	093f65e080a295f8076b1c5722a46aa2	1.7708520116421442
60	072b030ba126b2f4b2374f342be9ed44	1.7781512503836436
61	7f39f8317fbdb1988ef4c628eba02591	1.7853298350107671
62	44f683a84163b3523afe57c2e008bc8c	1.792391689498254
63	03afdbd66e7929b125f8597834fa83a4	1.7993405494535817
64	ea5d2f1c4608232e07d3aa3d998e5135	1.806179973983887
65	fc490ca45c00b1249bbe3554a4fdf6fb	1.8129133566428555
66	3295c76acbf4caaed33c36b1b5fc2cb1	1.8195439355418688
67	735b90b4568125ed6c3f678819b6e058	1.8260748027008264
68	a3f390d88e4c41f2747bfa2f1b5f87db	1.8325089127062364
69	14bfa6bb14875e45bba028a21ed38046	1.8388490907372552
70	7cbbc409ec990f19c78c75bd1e06f215	1.845098040014257
71	e2c420d928d4bf8ce0ff2ec19b371514	1.8512583487190752
72	32bb90e8976aab5298d5da10fe66f21d	1.8573324964312685
73	d2ddea18f00665ce8623e36bd4e3c7c5	1.863322860120456
74	ad61ab143223efbc24c7d2583be69251	1.8692317197309762
75	d09bf41544a3365a46c9077ebb5e35c3	1.8750612633917
76	fbd7939d674997cdb4692d34de8633c4	1.8808135922807914
77	28dd2c7955ce926456240b2ff0100bde	1.8864907251724818
78	35f4a8d465e6e1edc05f3d8ab658c551	1.8920946026904804
79	d1fe173d08e959397adf34b1d77e88d7	1.8976270912904414
80	f033ab37c30201f73f142449d037028d	1.9030899869919435
81	43ec517d68b6edd3015b3edc9a11367b	1.9084850188786497
82	9778d5d219c5080b9a6a17bef029331c	1.9138138523837167
83	fe9fc289c3ff0af142b6d3bead98a923	1.919078092376074
84	68d30a9594728bc39aa24be94b319d21	1.9242792860618816
85	3ef815416f775098fe977004015c6193	1.9294189257142926
86	93db85ed909c13838ff95ccfa94cebd9	1.9344984512435677
87	c7e1249ffc03eb9ded908c236bd1996d	1.9395192526186185
88	2a38a4a9316c49e5a833517c45d31070	1.9444826721501687
89	7647966b7343c29048673252e490f736	1.9493900066449128
90	8613985ec49eb8f757ae6439e879bb2a	1.954242509439325
91	54229abfcfa5649e7003b83dd4755294	1.9590413923210936
92	92cc227532d17e56e07902b254dfad10	1.9637878273455553
93	98dce83da57b0395e163467c9dae521b	1.968482948553935
94	f4b9ec30ad9f68f89b29639786cb62ef	1.9731278535996986
95	812b4ba287f5ee0bc9d43bbf5bbe87fb	1.9777236052888478
96	26657d5ff9020d2abefe558796b99584	1.9822712330395684
97	e2ef524fbf3d9fe611d5a8e90fefdc9c	1.9867717342662448
98	ed3d2c21991e3bef5e069713af9fa6ca	1.9912260756924949
99	ac627ab1ccbdb62ec96e702f07f6425b	1.99563519459755
141	0f28b5d49b3020afeecd95b4009adf4c	2.1492191126553797
142	a8baa56554f96369ab93e4f3bb068c22	2.1522883443830563
143	903ce9225fca3e988c2af215d4e544d3	2.155336037465062
144	0a09c8844ba8f0936c20bd791130d6b6	2.1583624920952498
145	2b24d495052a8ce66358eb576b8912c8	2.161368002234975
146	a5e00132373a7031000fd987a3c9f87b	2.164352855784437
147	8d5e957f297893487bd98fa830fa6413	2.167317334748176
148	47d1e990583c9c67424d369f3414728e	2.1702617153949575
149	f2217062e9a397a1dca429e7d70bc6ca	2.173186268412274
150	7ef605fc8dba5425d6965fbd4c8fbe1f	2.1760912590556813
151	a8f15eda80c50adb0e71943adc8015cf	2.1789769472931693
152	37a749d808e46495a8da1e5352d03cae	2.1818435879447726
153	b3e3e393c77e35a4a3f3cbd1e429b5dc	2.184691430817599
154	1d7f7abc18fcb43975065399b0d1e48e	2.187520720836463
155	2a79ea27c279e471f4d180b08d62b00a	2.1903316981702914
156	1c9ac0159c94d8d0cbedc973445af2da	2.1931245983544616
157	6c4b761a28b734fe93831e3fb400ce87	2.1958996524092336
158	06409663226af2f3114485aa4e0a23b4	2.1986570869544226
159	140f6969d5213fd0ece03148e62e461e	2.2013971243204513
160	b73ce398c39f506af761d2277d853a92	2.2041199826559246
161	bd4c9ab730f5513206b999ec0d90d1fb	2.2068258760318495
162	82aa4b0af34c2313a562076992e50aa3	2.2095150145426308
163	0777d5c17d4066b82ab86dff8a46af6f	2.2121876044039577
164	fa7cdfad1a5aaf8370ebeda47a1ff1c3	2.214843848047698
165	9766527f2b5d3e95d4a733fcfb77bd7e	2.2174839442139063
166	7e7757b1e12abcb736ab9a754ffb617a	2.220108088040055
167	5878a7ab84fb43402106c575658472fa	2.2227164711475833
168	006f52e9102a8d3be2fe5614f42ba989	2.225309281725863
169	3636638817772e42b59d74cff571fbb3	2.2278867046136734
170	149e9677a5989fd342ae44213df68868	2.230448921378274
171	a4a042cf4fd6bfb47701cbc8a1653ada	2.2329961103921536
172	1ff8a7b5dc7a7d1f0ed65aaa29c04b1e	2.2355284469075487
173	f7e6c85504ce6e82442c770f7c8606f0	2.2380461031287955
174	bf8229696f7a3bb4700cfddef19fa23f	2.2405492482826
175	82161242827b703e6acf9c726942a1e4	2.2430380486862944
176	38af86134b65d0f10fe33d30dd76442e	2.24551266781415
177	96da2f590cd7246bbde0051047b0d6f7	2.247973266361807
178	8f85517967795eeef66c225f7883bdcb	2.250420002308894
179	8f53295a73878494e9bc8dd6c3c7104f	2.2528530309798933
180	045117b0e0a11a242b9765e79cbf113f	2.255272505103306
181	fc221309746013ac554571fbd180e1c8	2.2576785748691846
182	4c5bde74a8f110656874902f07378009	2.2600713879850747
183	cedebb6e872f539bef8c3f919874e9d7	2.2624510897304293
184	6cdd60ea0045eb7a6ec44c54d29ed402	2.2648178230095364
185	eecca5b6365d9607ee5a9d336962c534	2.2671717284030137
186	9872ed9fc22fc182d371c3e9ed316094	2.2695129442179165
187	31fefc0e570cb3860f2a6d4b38c6490d	2.271841606536499
188	9dcb88e0137649590b755372b040afad	2.27415784926368
189	a2557a7b2e94197ff767970b67041697	2.2764618041732443
190	cfecdb276f634854f3ef915e2e980c31	2.278753600952829
191	0aa1883c6411f7873cb83dacb17b0afc	2.2810333672477277
192	58a2fc6ed39fd083f55d4182bf88826d	2.2833012287035497
193	bd686fd640be98efaae0091fa301e613	2.285557309007774
194	a597e50502f5ff68e3e25b9114205d4a	2.287801729930226
195	0336dcbab05b9d5ad24f4333c7658a0e	2.290034611362518
196	084b6fbb10729ed4da8c3d3f5a3ae7c9	2.292256071356476
197	85d8ce590ad8981ca2c8286f79f59954	2.294466226161593
198	0e65972dce68dad4d52d063967f0a705	2.296665190261531
199	84d9ee44e457ddef7f2c4f25dc8fa865	2.298853076409707
200	3644a684f98ea8fe223c713b77189a77	2.3010299956639813
201	757b505cfd34c64c85ca5b5690ee5293	2.303196057420489
202	854d6fae5ee42911677c739ee1734486	2.305351369446624
203	e2c0be24560d78c5e599c2a9c9d0bbd2	2.307496037913213
204	274ad4786c3abca69fa097b85867d9a4	2.3096301674258988
205	eae27d77ca20db309e056e3d2dcd7d69	2.311753861055754
206	7eabe3a1649ffa2b3ff8c02ebfd5659f	2.3138672203691533
207	69adc1e107f7f7d035d7baf04342e1ca	2.315970345456918
208	091d584fced301b442654dd8c23b3fc9	2.3180633349627615
209	b1d10e7bafa4421218a51b1e1f1b0ba2	2.3201462861110542
210	6f3ef77ac0e3619e98159e9b6febf557	2.322219294733919
211	eb163727917cbba1eea208541a643e74	2.3242824552976926
212	1534b76d325a8f591b52d302e7181331	2.326335860928751
213	979d472a84804b9f647bc185a877a8b5	2.3283796034387376
214	ca46c1b9512a7a8315fa3c5a946e8265	2.330413773349191
215	3b8a614226a953a8cd9526fca6fe9ba5	2.3324384599156054
216	45fbc6d3e05ebd93369ce542e8f2322d	2.3344537511509307
217	63dc7ed1010d3c3b8269faf0ba7491d4	2.3364597338485296
218	e96ed478dab8595a7dbda4cbcbee168f	2.3384564936046046
219	c0e190d8267e36708f955d7ab048990d	2.3404441148401185
220	ec8ce6abb3e952a85b8551ba726a1227	2.342422680822206
221	060ad92489947d410d897474079c1477	2.3443922736851106
222	bcbe3365e6ac95ea2c0343a2395834dd	2.346352974450639
223	115f89503138416a242f40fb7d7f338e	2.3483048630481607
224	13fe9d84310e77f13a6d184dbf1232f3	2.3502480183341627
225	d1c38a09acc34845c6be3a127a5aacaf	2.3521825181113627
226	9cfdf10e8fc047a44b08ed031e1f0ed1	2.3541084391474008
227	705f2172834666788607efbfca35afb3	2.3560258571931225
228	74db120f0a8e5646ef5a30154e9f6deb	2.357934847000454
229	57aeee35c98205091e18d1140e9f38cf	2.359835482339888
230	6da9003b743b65f4c0ccd295cc484e57	2.361727836017593
231	9b04d152845ec0a378394003c96da594	2.3636119798921444
232	be83ab3ecd0db773eb2dc1b0a17836a1	2.3654879848909
233	e165421110ba03099a1c0393373c5b43	2.367355921026019
234	289dff07669d7a23de0ef88d2f7129e7	2.369215857410143
235	577ef1154f3240ad5b9b413aa7346a1e	2.3710678622717363
236	01161aaa0b6d1345dd8fe4e481144d84	2.3729120029701067
237	539fd53b59e3bb12d203f45a912eeaf2	2.374748346010104
238	ac1dd209cbcc5e5d1c6e28598e8cbbe8	2.376576957056512
239	555d6702c950ecb729a966504af0a635	2.3783979009481375
240	335f5352088d7d9bf74191e006d8e24c	2.380211241711606
241	f340f1b1f65b6df5b5e3f94d95b11daf	2.3820170425748683
242	e4a6222cdb5b34375400904f03d8e6a5	2.383815365980431
243	cb70ab375662576bd1ac5aaf16b3fca4	2.385606273598312
244	9188905e74c28e489b44e954ec0b9bca	2.387389826338729
245	0266e33d3f546cb5436a10798e657d97	2.3891660843645326
246	38db3aed920cf82ab059bfccbd02be6a	2.3909351071033793
247	3cec07e9ba5f5bb252d13f5f431e4bbb	2.392696953259666
248	621bf66ddb7c962aa0d22ac97d69b793	2.3944516808262164
249	077e29b11be80ab57e1a2ecabb7da330	2.3961993470957363
250	6c9882bbac1c7093bd25041881277658	2.3979400086720375
251	19f3cd308f1455b3fa09a282e0d496f4	2.399673721481038
252	03c6b06952c750899bb03d998e631860	2.401400540781544
253	c24cd76e1ce41366a4bbe8a49b02a028	2.403120521175818
254	c52f1bd66cc19d05628bd8bf27af3ad6	2.404833716619938
255	fe131d7f5a6b38b23cc967316c13dae2	2.406540180433955
256	f718499c1c8cef6730f9fd03c8125cab	2.4082399653118496
257	d96409bf894217686ba124d7356686c9	2.4099331233312946
258	502e4a16930e414107ee22b6198c578f	2.41161970596323
259	cfa0860e83a4c3a763a7e62d825349f7	2.413299764081252
260	a4f23670e1833f3fdb077ca70bbd5d66	2.4149733479708178
261	b1a59b315fc9a3002ce38bbe070ec3f5	2.416640507338281
262	36660e59856b4de58a219bcf4e27eba3	2.4183012913197452
263	8c19f571e251e61cb8dd3612f26d5ecf	2.419955748489758
264	d6baf65e0b240ce177cf70da146c8dc8	2.4216039268698313
265	e56954b4f6347e897f954495eab16a88	2.423245873936808
266	f7664060cc52bc6f3d620bcedc94a4b6	2.424881636631067
267	eda80a3d5b344bc40f3bc04f65b7a357	2.4265112613645754
268	8f121ce07d74717e0b1f21d122e04521	2.428134794028789
269	06138bc5af6023646ede0e1f7c1eac75	2.429752280002408
270	39059724f73a9969845dfe4146c5660e	2.4313637641589874
271	7f100b7b36092fb9b06dfb4fac360931	2.432969290874406
272	7a614fd06c325499f1680b9896beedeb	2.4345689040341987
273	4734ba6f3de83d861c3176a6273cac6d	2.436162647040756
274	d947bf06a885db0d477d707121934ff8	2.437750562820388
275	63923f49e5241343aa7acb6a06a751e7	2.439332693830263
276	db8e1af0cb3aca1ae2d0018624204529	2.4409090820652177
277	20f07591c6fcb220ffe637cda29bb3f6	2.4424797690644486
278	07cdfd23373b17c6b337251c22b7ea57	2.444044795918076
279	d395771085aab05244a4fb8fd91bf4ee	2.4456042032735974
280	92c8c96e4c37100777c7190b76d28233	2.4471580313422194
281	e3796ae838835da0b6f6ea37bcf8bcb7	2.44870631990508
282	6a9aeddfc689c1d0e3b9ccc3ab651bc5	2.450249108319361
283	0f49c89d1e7298bb9930789c8ed59d48	2.45178643552429
284	46ba9f2a6976570b0353203ec4474217	2.4533183400470375
285	0e01938fc48a2cfb5f2217fbfb00722d	2.45484486000851
286	16a5cdae362b8d27a1d8f8c7b78b4330	2.456366033129043
287	918317b57931b6b7a7d29490fe5ec9f9	2.4578818967339924
288	48aedb8880cab8c45637abc7493ecddd	2.459392487759231
289	839ab46820b524afda05122893c2fe8e	2.4608978427565478
290	f90f2aca5c640289d0a29417bcb63a37	2.462397997898956
291	9c838d2e45b2ad1094d42f4ef36764f6	2.4638929889859074
292	1700002963a49da13542e0726b7bb758	2.4653828514484184
293	53c3bce66e43be4f209556518c2fcb54	2.4668676203541096
294	6883966fd8f918a4aa29be29d2c386fb	2.4683473304121573
295	49182f81e6a13cf5eaa496d51fea6406	2.469822015978163
296	d296c101daa88a51f6ca8cfc1ac79b50	2.4712917110589387
297	9fd81843ad7f202f26c1a174c7357585	2.4727564493172123
298	26e359e83860db1d11b6acca57d8ea88	2.4742162640762553
299	ef0d3930a7b6c95bd2b32ed45989c61f	2.4756711883244296
300	94f6d7e04a4d452035300f18b984988c	2.4771212547196626
301	34ed066df378efacc9b924ec161e7639	2.4785664955938436
302	577bcc914f9e55d5e4e4f82f9f00e7d4	2.4800069429571505
303	11b9842e0a271ff252c1903e7132cd68	2.481442628502305
304	37bc2f75bf1bcfe8450a1a41c200364c	2.482873583608754
305	496e05e1aea0a9c4655800e8a7b9ea28	2.484299839346786
306	b2eb7349035754953b57a32e2841bda5	2.48572142648158
307	8e98d81f8217304975ccb23337bb5761	2.4871383754771865
308	a8c88a0055f636e4a163a5e3d16adab7	2.4885507165004443
309	eddea82ad2755b24c4e168c5fc2ebd40	2.4899584794248346
310	06eb61b839a0cefee4967c67ccb099dc	2.4913616938342726
311	9dfcd5e558dfa04aaf37f137a1d9d3e5	2.4927603890268375
312	950a4152c2b4aa3ad78bdd6b366cc179	2.494154594018443
313	158f3069a435b314a80bdcb024f8e422	2.4955443375464483
314	758874998f5bd0c393da094e1967a72b	2.496929648073215
315	ad13a2a07ca4b7642959dc0c4c740ab6	2.4983105537896004
316	3fe94a002317b5f9259f82690aeea4cd	2.499687082618404
317	5b8add2a5d98b1a652ea7fd72d942dac	2.5010592622177517
318	432aca3a1e345e339f35a30c8f65edce	2.5024271199844326
319	8d3bba7425e7c98c50f52ca1b52d3735	2.503790683057181
320	320722549d1751cf3f247855f937b982	2.505149978319906
321	caf1a3dfb505ffed0d024130f58c5cfa	2.506505032404872
322	5737c6ec2e0716f3d8a7a5c4e0de0d9a	2.507855871695831
323	bc6dc48b743dc5d013b1abaebd2faed2	2.509202522331103
324	f2fc990265c712c49d51a18a32b39f0c	2.510545010206612
325	89f0fd5c927d466d6ec9a21b9ac34ffa	2.5118833609788744
326	a666587afda6e89aec274a3657558a27	2.513217600067939
327	b83aac23b9528732c23cc7352950e880	2.514547752660286
328	cd00692c3bfe59267d5ecfac5310286c	2.515873843711679
329	6faa8040da20ef399b63a72d0e4ab575	2.5171958979499744
330	fe73f687e5bc5280214e0486b273a5f9	2.5185139398778875
331	6da37dd3139aa4d9aa55b8d237ec5d4a	2.519827993775719
332	c042f4db68f23406c6cecf84a7ebb0fe	2.5211380837040362
333	310dcbbf4cce62f762a2aaa148d556bd	2.5224442335063197
334	2f2b265625d76a6704b08093c652fd79	2.5237464668115646
335	f9b902fc3289af4dd08de5d1de54f68f	2.525044807036845
336	6855456e2fe46a9d49d3d3af4f57443d	2.526339277389844
337	357a6fdf7642bf815a88822c447d9dc4	2.5276299008713385
338	819f46e52c25763a55cc642422644317	2.5289167002776547
339	04025959b191f8f9de3f924f0940515f	2.530199698203082
340	40008b9a5380fcacce3976bf7c08af5b	2.531478917042255
341	3dd48ab31d016ffcbf3314df2b3cb9ce	2.5327543789924976
342	58238e9ae2dd305d79c2ebc8c1883422	2.534026106056135
343	3ad7c2ebb96fcba7cda0cf54a2e802f5	2.5352941200427703
344	b3967a0e938dc2a6340e258630febd5a	2.53655844257153
345	d81f9c1be2e08964bf9f24b15f0e4900	2.537819095073274
346	13f9896df61279c928f19721878fac41	2.5390760987927767
347	c5ff2543b53f4cc0ad3819a36752467b	2.5403294747908736
348	01386bd6d8e091c2ab4c7c7de644d37b	2.5415792439465807
349	0bb4aec1710521c12ee76289d9440817	2.5428254269591797
350	9de6d14fff9806d4bcd1ef555be766cd	2.5440680443502757
351	efe937780e95574250dabe07151bdc23	2.545307116465824
352	371bce7dc83817b7893bcdeed13799b5	2.546542663478131
353	138bb0696595b338afbab333c555292a	2.5477747053878224
354	8dd48d6a2e2cad213179a3992c0be53c	2.5490032620257876
355	82cec96096d4281b7c95cd7e74623496	2.550228353055094
356	6c524f9d5d7027454a783c841250ba71	2.5514499979728753
357	fb7b9ffa5462084c5f4e7e85a093e6d7	2.552668216112193
358	aa942ab2bfa6ebda4840e7360ce6e7ef	2.5538830266438746
359	c058f544c737782deacefa532d9add4c	2.5550944485783194
360	e7b24b112a44fdd9ee93bdf998c6ca0e	2.5563025007672873
361	52720e003547c70561bf5e03b95aa99f	2.5575072019056577
362	c3e878e27f52e2a57ace4d9a76fd9acf	2.558708570533166
363	00411460f7c92d2124a67ea0f4cb5f85	2.5599066250361124
364	bac9162b47c56fc8a4d2a519803d51b3	2.561101383649056
365	9be40cee5b0eee1462c82c6964087ff9	2.5622928644564746
366	5ef698cd9fe650923ea331c15af3b160	2.5634810853944106
367	05049e90fa4f5039a8cadc6acbb4b2cc	2.5646660642520893
368	cf004fdc76fa1a4f25f62e0eb5261ca3	2.5658478186735176
369	0c74b7f78409a4022a2c4c5a5ca3ee19	2.56702636615906
370	d709f38ef758b5066ef31b18039b8ce5	2.568201724066995
371	41f1f19176d383480afa65d325c06ed0	2.569373909615046
372	24b16fede9a67c9251d3e7c7161c83ac	2.5705429398818973
373	ffd52f3c7e12435a724a8f30fddadd9c	2.571708831808688
374	ad972f10e0800b49d76fed33a21f6698	2.5728716022004803
375	f61d6947467ccd3aa5af24db320235dd	2.574031267727719
376	142949df56ea8ae0be8b5306971900a4	2.575187844927661
377	d34ab169b70c9dcd35e62896010cd9ff	2.576341350205793
378	8bf1211fd4b7b94528899de0a43b9fb3	2.5774917998372255
379	a02ffd91ece5e7efeb46db8f10a74059	2.578639209968072
380	bca82e41ee7b0833588399b1fcd177c7	2.57978359661681
381	00ec53c4682d36f5c4359f4ae7bd7ba1	2.5809249756756194
382	4f6ffe13a5d75b2d6a3923922b3922e5	2.582063362911709
383	beed13602b9b0e6ecb5b568ff5058f07	2.583198773968623
384	0584ce565c824b7b7f50282d9a19945b	2.584331224367531
385	dc912a253d1e9ba40e2c597ed2376640	2.5854607295085006
386	39461a19e9eddfb385ea76b26521ea48	2.586587304671755
387	8efb100a295c0c690931222ff4467bb8	2.5877109650189114
388	d9fc5b73a8d78fad3d6dffe419384e70	2.5888317255942073
389	c86a7ee3d8ef0b551ed58e354a836f2b	2.5899496013257077
390	a01a0380ca3c61428c26a231f0e49a09	2.591064607026499
391	5a4b25aaed25c2ee1b74de72dc03c14e	2.5921767573958667
392	f73b76ce8949fe29bf2a537cfa420e8f	2.593286067020457
393	70c639df5e30bdee440e4cdf599fec2b	2.5943925503754266
394	28f0b864598a1291557bed248a998d4e	2.595496221825574
395	1543843a4723ed2ab08e18053ae6dc5b	2.59659709562646
396	f8c1f23d6a8d8d7904fc0ea8e066b3bb	2.597695185925512
397	e46de7e1bcaaced9a54f1e9d0d2f800d	2.598790506763115
398	b7b16ecf8ca53723593894116071700c	2.5998830720736876
399	352fe25daf686bdb4edca223c921acea	2.6009728956867484
400	18d8042386b79e2c279fd162df0205c8	2.6020599913279625
401	816b112c6105b3ebd537828a39af4818	2.603144372620182
402	69cb3ea317a32c4e6143e665fdb20b14	2.60422605308447
403	bbf94b34eb32268ada57a3be5062fe7d	2.6053050461411096
404	4f4adcbf8c6f66dcfc8a3282ac2bf10a	2.606381365110605
405	bbcbff5c1f1ded46c25d28119a85c6c2	2.6074550232146687
406	8cb22bdd0b7ba1ab13d742e22eed8da2	2.6085260335771943
407	f4f6dce2f3a0f9dada0c2b5b66452017	2.60959440922522
408	0d0fd7c6e093f7b804fa0150b875b868	2.61066016308988
409	a96b65a721e561e1e3de768ac819ffbb	2.611723308007342
410	1068c6e4c8051cfd4e9ea8072e3189e2	2.6127838567197355
411	17d63b1625c816c22647a73e1482372b	2.6138418218760693
412	b9228e0962a78b84f3d5d92f4faa000b	2.6148972160331345
413	0deb1c54814305ca9ad266f53bc82511	2.615950051656401
414	66808e327dc79d135ba18e051673d906	2.617000341120899
415	42e7aaa88b48137a16a1acd04ed91125	2.6180480967120925
416	8fe0093bb30d6f8c31474bd0764e6ac0	2.6190933306267428
417	41ae36ecb9b3eee609d05b90c14222fb	2.6201360549737576
418	d1f255a373a3cef72e03aa9d980c7eca	2.621176281775035
419	7eacb532570ff6858afd2723755ff790	2.622214022966295
420	b6f0479ae87d244975439c6124592772	2.6232492903979003
421	e0c641195b27425bb056ac56f8953d24	2.6242820958356683
422	f85454e8279be180185cac7d243c5eb3	2.625312450961674
423	faa9afea49ef2ff029a833cccc778fd0	2.6263403673750423
424	3c7781a36bcd6cf08c11a970fbe0e2a6	2.6273658565927325
425	25b2822c2f5a3230abfadd476e8b04c9	2.6283889300503116
426	6ecbdd6ec859d284dc13885a37ce8d81	2.629409599102719
427	18997733ec258a9fcaf239cc55d53363	2.630427875025024
428	8d7d8ee069cb0cbbf816bbb65d56947e	2.6314437690131722
429	75fc093c0ee742f6dddaa13fff98f104	2.6324572921847245
430	f74909ace68e51891440e4da0b65a70c	2.6334684555795866
431	66368270ffd51418ec58bd793f2d9b1b	2.6344772701607315
432	248e844336797ec98478f85e7626de4a	2.635483746814912
433	019d385eb67632a7e958e23f24bd07d7	2.6364878963533656
434	a49e9411d64ff53eccfdd09ad10a15b3	2.637489729512511
435	ddb30680a691d157187ee1cf9e896d03	2.6384892569546374
436	2421fcb1263b9530df88f7f002e78ea5	2.639486489268586
437	fccb60fb512d13df5083790d64c4d5dd	2.640481436970422
438	1651cf0d2f737d7adeab84d339dbabd3	2.6414741105040997
439	eed5af6add95a9a6f1252739b1ad8c24	2.6424645202421213
440	a8abb4bb284b5b27aa7cb790dc20f80b	2.6434526764861874
441	15d4e891d784977cacbfcbb00c48f133	2.6444385894678386
442	c203d8a151612acf12457e4d67635a95	2.645422269349092
443	13f3cf8c531952d72e5847c4183e6910	2.6464037262230695
444	550a141f12de6341fba65b0ad0433500	2.6473829701146196
445	67f7fb873eaf29526a11a9b7ac33bfac	2.6483600109809315
446	1a5b1e4daae265b790965a275b53ae50	2.649334858712142
447	9a96876e2f8f3dc4f3cf45f02c61c0c1	2.6503075231319366
448	9b70e8fe62e40c570a322f1b0b659098	2.651278013998144
449	d61e4bbd6393c9111e6526ea173a7c8b	2.6522463410033232
450	f5f8590cd58a54e94377e6ae2eded4d9	2.6532125137753435
451	941e1aaaba585b952b62c14a3a175a61	2.6541765418779604
452	9431c87f273e507e6040fcb07dcb4509	2.655138434811382
453	49ae49a23f67c759bf4fc791ba842aa2	2.656098202012832
454	e44fea3bec53bcea3b7513ccef5857ac	2.6570558528571038
455	821fa74b50ba3f7cba1e6c53e8fa6845	2.6580113966571126
456	250cf8b51c773f3f8dc8b4be867a9a02	2.658964842664435
457	42998cf32d552343bc8e460416382dca	2.6599162000698504
458	d07e70efcfab08731a97e7b91be644de	2.660865478003869
459	7fe1f8abaad094e0b5cb1b01d712f708	2.661812685537261
460	98b297950041a42470269d56260243a1	2.662757831681574
461	0353ab4cbed5beae847a7ff6e220b5cf	2.663700925389648
462	51d92be1c60d1db1d2e5e7a07da55b26	2.6646419755561257
463	428fca9bc1921c25c5121f9da7815cde	2.6655809910179533
464	f1b6f2857fb6d44dd73c7041e0aa0f19	2.6665179805548807
465	68ce199ec2c5517597ce0a4d89620f55	2.667452952889954
466	e836d813fd184325132fca8edcdfb40e	2.66838591669
467	ab817c9349cf9c4f6877e1894a1faa00	2.6693168805661123
468	877a9ba7a98f75b90a9d49f53f15a858	2.670245853074124
469	dc6a6489640ca02b0d42dabeb8e46bb7	2.6711728427150834
470	26337353b7962f533d78c762373b3318	2.6720978579357175
471	8e6b42f1644ecb1327dc03ab345e618b	2.673020907128896
472	ef575e8837d065a1683c022d2077d342	2.673941998634088
473	2050e03ca119580f74cca14cc6e97462	2.6748611407378116
474	25ddc0f8c9d3e22e03d3076f98d83cb2	2.6757783416740852
475	5ef0b4eba35ab2d6180b0bca7e46b6f9	2.6766936096248664
476	598b3e71ec378bd83e0a727608b5db01	2.677606952720493
477	74071a673307ca7459bcf75fbd024e09	2.678518379040114
478	cfee398643cbc3dc5eefc89334cacdc1	2.6794278966121188
479	d18f655c3fce66ca401d5f38b48c89af	2.680335513414563
480	6ea2ef7311b482724a9b7b0bc0dd85c6	2.681241237375587
481	9461cce28ebe3e76fb4b931c35a169b0	2.682145076373832
482	f770b62bc8f42a0b66751fe636fc6eb0	2.6830470382388496
483	e1e32e235eee1f970470a3a6658dfdd5	2.683947130751512
484	eba0dc302bcd9a273f8bbb72be3a687b	2.6848453616444123
485	218a0aefd1d1a4be65601cc6ddc1520e	2.6857417386022635
486	7d04bbbe5494ae9d2f5a76aa1c00fa2f	2.6866362692622934
487	a516a87cfcaef229b342c437fe2b95f7	2.6875289612146345
488	c3c59e5f8b3e9753913f4d435b53c308	2.6884198220027105
489	854d9fca60b4bd07f9bb215d59ef5561	2.6893088591236203
490	c410003ef13d451727aeff9082c29a5c	2.690196080028514
491	559cb990c9dffd8675f6bc2186971dc2	2.6910814921229687
492	55a7cf9c71f1c9c495413f934dd1a158	2.69196510276736
493	2f55707d4193dc27118a0f19a1985716	2.69284691927723
494	1be3bc32e6564055d5ca3e5a354acbef	2.693726948923647
495	35051070e572e47d2c26c241ab88307f	2.694605198933569
496	b534ba68236ba543ae44b22bd110a1d6	2.6954816764901977
497	7380ad8a673226ae47fce7bff88e9c33	2.696356388733332
498	05f971b5ec196b8c65b75d2ef8267331	2.6972293427597176
499	3cf166c6b73f030b4f67eeaeba301103	2.6981005456233897
500	cee631121c2ec9232f3a2f028ad5c89b	2.6989700043360187
501	5b69b9cb83065d403869739ae7f0995e	2.699837725867246
502	b5b41fac0361d157d9673ecb926af5ae	2.7007037171450192
503	285e19f20beded7d215102b49d5c09a0	2.7015679850559273
504	b337e84de8752b27eda3a12363109e80	2.7024305364455254
505	e8c0653fea13f91bf3c48159f7c24f78	2.7032913781186614
506	ff4d5fbbafdf976cfdc032e3bde78de5	2.7041505168397992
507	2d6cc4b2d139a53512fb8cbb3086ae2e	2.705007959333336
508	389bc7bb1e1c2a5e7e147703232a88f6	2.7058637122839193
509	e2230b853516e7b05d79744fbd4c9c13	2.7067177823367587
510	087408522c31eeb1f982bc0eaf81d35f	2.7075701760979363
511	a760880003e7ddedfef56acb3b09697f	2.708420900134713
512	10a7cdd970fe135cf4f7bb55c0e3b59f	2.709269960975831
513	3dc4876f3f08201c7c76cb71fa1da439	2.7101173651118162
514	59b90e1005a220e2ebc542eb9d950b1e	2.710963118995276
515	2b8a61594b1f4c4db0902a8a395ced93	2.711807229041191
516	f3f27a324736617f20abbf2ffd806f6d	2.7126497016272113
517	38913e1d6a7b94cb0f55994f679f5956	2.7134905430939424
518	ebd9629fc3ae5e9f6611e2ee05a31cef	2.714329759745233
519	63538fe6ef330c13a05a3ed7e599d5f7	2.7151673578484576
520	cf67355a3333e6e143439161adc2d82e	2.716003343634799
521	07563a3fe3bbe7e3ba84431ad9d055af	2.7168377232995247
522	53fde96fcc4b4ce72d7739202324cd49	2.717670503002262
523	2bb232c0b13c774965ef8558f0fbd615	2.718501688867274
524	ba2fd310dcaa8781a9a652a31baf3c68	2.7193312869837265
525	69421f032498c97020180038fddb8e24	2.720159303405957
526	85422afb467e9456013a2a51d4dff702	2.7209857441537393
527	13f320e7b5ead1024ac95c3b208610db	2.7218106152125467
528	f4be00279ee2e0a53eafdaa94a151e2c	2.722633922533812
529	37f0e884fbad9667e38940169d0a3c95	2.7234556720351857
530	d64a340bcb633f536d56e51874281454	2.724275869600789
531	0fcbc61acd0479dc77e3cccc0f5ffca7	2.725094521081469
532	298f95e1bf9136124592c8d4825a06fc	2.7259116322950483
533	df877f3865752637daa540ea9cbc474f	2.7267272090265724
534	c399862d3b9d6b76c8436e924a68c45b	2.727541257028556
535	33e8075e9970de0cfea955afd4644bb2	2.7283537820212285
536	65658fde58ab3c2b6e5132a39fae7cb9	2.72916478969277
537	5ea1649a31336092c05438df996a3e59	2.7299742856995555
538	7bcdf75ad237b8e02e301f4091fb6bc8	2.7307822756663893
539	5737034557ef5b8c02c0e46513b98f90	2.7315887651867388
540	9b72e31dac81715466cd580a448cf823	2.7323937598229686
541	16c222aa19898e5058938167c8ab6c57	2.7331972651065692
542	7dcd340d84f762eba80aa538b0c527f7	2.733999286538387
543	81448138f5f163ccdba4acc69819f280	2.734799829588847
544	97e8527feaf77a97fc38f34216141515	2.73559889969818
545	647bba344396e7c8170902bcf2e15551	2.7363965022766426
546	ed265bc903a5a097f61d3ec064d96d2e	2.7371926427047373
547	c75b6f114c23a4d7ea11331e7c00e73c	2.737987326333431
548	8d34201a5b85900908db6cae92723617	2.738780558484369
549	ccb1d45fb76f7c5a0bf619f979c6cf36	2.739572344450092
550	01f78be6f7cad02658508fe4616098a9	2.7403626894942437
551	7f24d240521d99071c93af3917215ef7	2.741151598851785
552	94c7bb58efc3b337800875b5d382a072	2.741939077729199
553	f387624df552cea2f369918c5e1e12bc	2.7427251313046983
554	5e388103a391daabe3de1d76a6739ccd	2.74350976472843
555	15de21c670ae7c3f6f3f1f37029303c9	2.7442929831226763
556	11b921ef080f7736089c757404650e40	2.7450747915820575
557	6e2713a6efee97bacb63e52c54f0ada0	2.745855195173729
558	1bb91f73e9d31ea2830a5e73ce3ed328	2.7466341989375787
559	3a0772443a0739141292a5429b952fe6	2.747411807886423
560	a9a6653e48976138166de32772b1bf40	2.7481880270062002
561	58ae749f25eded36f486bc85feb3f0ab	2.7489628612561616
562	4e4b5fbbbb602b6d35bea8460aa8f8e5	2.749736315569061
563	8eefcfdf5990e441f0fb6f3fad709e21	2.7505083948513462
564	1728efbda81692282ba642aafd57be3a	2.751279103983342
565	cbcb58ac2e496207586df2854b17995f	2.7520484478194387
566	db85e2590b6109813dafa101ceb2faeb	2.7528164311882715
567	99c5e07b4d5de9d18c350cdf64c5aa3d	2.7535830588929064
568	dd458505749b2941217ddd59394240e8	2.754348335711019
569	8b16ebc056e613024c057be590b542eb	2.7551122663950713
570	a86c450b76fb8c371afead6410d55534	2.7558748556724915
571	c9892a989183de32e976c6f04e700201	2.756636108245848
572	e6b4b2a746ed40e1af829d1fa82daa10	2.7573960287930244
573	e5f6ad6ce374177eef023bf5d0c018b6	2.75815462196739
574	f0e52b27a7a5d6a1a87373dffa53dbe5	2.7589118923979736
575	ffeabd223de0d4eacb9a3e6e53e5448d	2.7596678446896306
576	a7aeed74714116f3b292a982238f83d2	2.760422483423212
577	fde9264cf376fffe2ee4ddf4a988880d	2.7611758131557314
578	a8849b052492b5106526b2331e526138	2.761927838420529
579	258be18e31c8188555c2ff05b4d542c3	2.762678563727436
580	069d3bb002acd8d7dd095917f9efe4cb	2.7634279935629373
581	c6e19e830859f2cb9f7c8f8cacb8d2a6	2.7641761323903307
582	46922a0880a8f11f8f69cbb52b1396be	2.7649229846498886
583	9ad6aaed513b73148b7d49f70afcfb32	2.765668554759014
584	f5deaeeae1538fb6c45901d524ee2f98	2.7664128471123997
585	a9a1d5317a33ae8cef33961c34144f84	2.7671558660821804
586	605ff764c617d3cd28dbbdd72be8f9a2	2.767897616018091
587	766ebcd59621e305170616ba3d3dac32	2.7686381012476144
588	daca41214b39c5dc66674d09081940f0	2.7693773260761385
589	30bb3825e8f631cc6075c0f87bb4978c	2.7701152947871015
590	08b255a5d42b89b0585260b6f2360bdd	2.7708520116421442
591	3493894fa4ea036cfc6433c3e2ee63b0	2.7715874808812555
592	dbe272bab69f8e13f14b405e038deb64	2.77232170672292
593	acc3e0404646c57502b480dc052c4fe1	2.7730546933642626
594	076a0c97d09cf1a0ec3e19c7f2529f2b	2.7737864449811935
595	04ecb1fa28506ccb6f72b12c0245ddbc	2.7745169657285498
596	b2eeb7362ef83deff5c7813a67e14f0a	2.7752462597402365
597	08c5433a60135c32e34f46a71175850c	2.775974331129369
598	6aca97005c68f1206823815f66102863	2.776701183988411
599	3435c378bb76d4357324dd7e69f3cd18	2.7774268223893115
600	d490d7b4576290fa60eb31b5fc917ad1	2.7781512503836434
601	b2f627fff19fda463cb386442eac2b3d	2.7788744720027396
602	c3992e9a68c5ae12bd18488bc579b30d	2.7795964912578244
603	d86ea612dec96096c5e0fcc8dd42ab6d	2.780317312140151
604	9cf81d8026a9018052c429cc4e56739b	2.7810369386211318
605	c361bc7b2c033a83d663b8d9fb4be56e	2.781755374652469
606	44c4c17332cace2124a1a836d9fc4b6f	2.782472624166286
607	dc82d632c9fcecb0778afbc7924494a6	2.7831886910752575
608	996a7fa078cc36c46d02f9af3bef918b	2.783903579272735
609	d7a728a67d909e714c0774e22cb806f2	2.784617292632875
610	00ac8ed3b4327bdd4ebbebcb2ba10a00	2.785329835010767
611	8ebda540cbcc4d7336496819a46a1b68	2.786041210242554
612	f76a89f0cb91bc419542ce9fa43902dc	2.7867514221455614
613	f29c21d4897f78948b91f03172341b7b	2.787460474518415
614	851ddf5058cf22df63d3344ad89919cf	2.788168371141168
615	58d4d1e7b1e97b258c9ed0b37e02d087	2.788875115775417
616	7750ca3559e5b8e1f44210283368fc16	2.7895807121644256
617	5d44ee6f2c3f71b73125876103c8f6c4	2.7902851640332416
618	eb6fdc36b281b7d5eabf33396c2683a2	2.790988475088816
619	cdc0d6e63aa8e41c89689f54970bb35f	2.791690649020118
620	b73dfe25b4b8714c029b37a6ad3006fa	2.792391689498254
621	85fc37b18c57097425b52fc7afbb6969	2.79309160017658
622	3871bd64012152bfb53fdf04b401193f	2.7937903846908188
623	a733fa9b25f33689e2adbe72199f0e62	2.7944880466591697
624	48ab2f9b45957ab574cf005eb8a76760	2.795184589682424
625	233509073ed3432027d48b1a83f5fbd2	2.7958800173440754
626	45645a27c4f1adc8a7a835976064a86d	2.7965743332104296
627	185c29dc24325934ee377cfda20e414c	2.7972675408307164
628	42e77b63637ab381e8be5f8318cc28a2	2.797959643737196
629	051e4e127b92f5d98d3c79b195f2b291	2.798650645445269
630	9cc138f8dc04cbf16240daa92d8d50e2	2.7993405494535817
631	b7bb35b9c6ca2aee2df08cf09d7016c2	2.8000293592441343
632	abd815286ba1007abfbb8415b83ae2cf	2.800717078282385
633	26dd0dbc6e3f4c8043749885523d6a25	2.801403710017355
634	6766aa2750c19aad2fa1b32f36ed4aee	2.802089257881733
635	6a10bbd480e4c5573d8f3af73ae0454b	2.8027737252919755
636	c5ab0bc60ac7929182aadd08703f1ec6	2.803457115648414
637	a532400ed62e772b9dc0b86f46e583ff	2.8041394323353503
638	4c27cea8526af8cfee3be5e183ac9605	2.8048206787211623
639	0f96613235062963ccde717b18f97592	2.8055008581584002
640	4ffce04d92a4d6cb21c1494cdfcd6dc1	2.806179973983887
641	67e103b0761e60683e83c559be18d40c	2.8068580295188172
642	291597a100aadd814d197af4f4bab3a7	2.807535028068853
643	9b698eb3105bd82528f23d0c92dedfc0	2.808210972924222
644	8c7bbbba95c1025975e548cee86dfadc	2.808885867359812
645	5e9f92a01c986bafcabbafd145520b13	2.8095597146352675
646	0ff39bbbf981ac0151d340c9aa40e63e	2.8102325179950842
647	303ed4c69846ab36c2904d3ba8573050	2.8109042806687006
648	443cb001c138b2561a0d90720d6ce111	2.8115750058705933
649	55b37c5c270e5d84c793e486d798c01d	2.812244696800369
650	884d247c6f65a96a7da4d1105d584ddd	2.8129133566428557
651	55743cc0393b1cb4b8b37d09ae48d097	2.813580988568192
652	30ef30b64204a3088a26bc2e6ecf7602	2.81424759573192
653	eaae339c4d89fc102edd9dbdb6a28915	2.814913181275074
654	ab233b682ec355648e7891e66c54191b	2.815577748324267
655	3d2d8ccb37df977cb6d9da15b76c3f3a	2.816241299991783
656	26408ffa703a72e8ac0117e74ad46f33	2.8169038393756605
657	b4288d9c0ec0a1841b3b3728321e7088	2.8175653695597807
658	2f37d10131f2a483a8dd005b3d14b0d9	2.8182258936139557
659	0ff8033cf9437c213ee13937b1c4c455	2.8188854145940097
660	68264bdb65b97eeae6788aa3348e553c	2.8195439355418688
661	3a066bda8c96b9478bb0512f0a43028c	2.82020145948564
662	be3159ad04564bfb90db9e32851ebf9c	2.8208579894397
663	8757150decbd89b0f5442ca3db4d0e0e	2.821513528404773
664	2291d2ec3b3048d1a6f86c2c4591b7e0	2.8221680793680175
665	84117275be999ff55a987b9381e01f96	2.8228216453031045
666	fae0b27c451c728867a567e8c1bb4e53	2.823474229170301
667	b5dc4e5d9b495d0196f61d45b26ef33e	2.824125833916549
668	192fc044e74dffea144f9ac5dc9f3395	2.824776462475546
669	5c04925674920eb58467fb52ce4ef728	2.8254261177678233
670	17c276c8e723eb46aef576537e9d56d0	2.8260748027008264
671	5dd9db5e033da9c6fb5ba83c7a7ebea9	2.826722520168992
672	2dea61eed4bceec564a00115c4d21334	2.8273692730538253
673	9f396fe44e7c05c16873b05ec425cbad	2.828015064223977
674	0d7de1aca9299fe63f3e0041f02638a3	2.82865989653532
675	8fecb20817b3847419bb3de39a609afe	2.829303772831025
676	dc6a70712a252123c40d2adba6a11d84	2.829946695941636
677	71a3cb155f8dc89bf3d0365288219936	2.8305886686851442
678	9fe8593a8a330607d76796b35c64c600	2.8312296938670634
679	ca9c267dad0305d1a6308d2a0cf1c39c	2.8318697742805017
680	fccb3cdc9acc14a6e70a12f74560c026	2.832508912706236
681	1595af6435015c77a7149e92a551338e	2.833147111912785
682	08d98638c6fcd194a4b1e6992063e944	2.833784374656479
683	24681928425f5a9133504de568f5f6df	2.8344207036815328
684	556f391937dfd4398cbac35e050a2177	2.835056101720116
685	3328bdf9a4b9504b9398284244fe97c2	2.8356905714924254
686	109a0ca3bc27f3e96597370d5c8cf03d	2.8363241157067516
687	7f5d04d189dfb634e6a85bb9d9adf21e	2.8369567370595505
688	f79921bbae40a577928b76d2fc3edc2a	2.837588438235511
689	07a96b1f61097ccb54be14d6a47439b0	2.8382192219076257
690	c06d06da9666a219db15cf575aff2824	2.838849090737255
691	10a5ab2db37feedfdeaab192ead4ac0e	2.8394780473741985
692	e555ebe0ce426f7f9b2bef0706315e0c	2.840106094456758
693	53e3a7161e428b65688f14b84d61c610	2.8407332346118066
694	5487315b1286f907165907aa8fc96619	2.841359470454855
695	e4bb4c5173c2ce17fd8fcd40041c068f	2.8419848045901137
696	0cb929eae7a499e50248a3a78f7acfc7	2.842609239610562
697	8a0e1141fd37fa5b98d5bb769ba1a7cc	2.8432327780980096
698	99bcfcd754a98ce89cb86f73acc04645	2.843855422623161
699	afd4836712c5e77550897e25711e1d96	2.8444771757456815
700	e5841df2166dd424a57127423d276bbe	2.845098040014257
701	b4a528955b84f584974e92d025a75d1f	2.8457180179666586
702	b1eec33c726a60554bc78518d5f9b32c	2.846337112129805
703	d6c651ddcd97183b2e40bc464231c962	2.846955325019824
704	f64eac11f2cd8f0efa196f8ad173178e	2.847572659142112
705	4a47d2983c8bd392b120b627e0e1cab4	2.848189116991399
706	9c82c7143c102b71c593d98d96093fde	2.8488047010518036
707	500e75a036dc2d7d2fec5da1b71d36cc	2.8494194137968996
708	ae0eb3eed39d2bcef4622b2499a05fe6	2.850033257689769
709	1ecfb463472ec9115b10c292ef8bc986	2.8506462351830666
710	e70611883d2760c8bbafb4acb29e3446	2.8512583487190755
711	6081594975a764c8e3a691fa2b3a321d	2.851869600729766
712	19bc916108fc6938f52cb96f7e087941	2.8524799936368566
713	07c5807d0d927dcd0980f86024e5208b	2.8530895298518657
714	d14220ee66aeec73c49038385428ec4c	2.8536982117761744
715	8df707a948fac1b4a0f97aa554886ec8	2.8543060418010806
716	e7f8a7fb0b77bcb3b283af5be021448f	2.8549130223078554
717	788d986905533aba051261497ecffcbb	2.8555191556678
718	50c3d7614917b24303ee6a220679dab3	2.8561244442423
719	2afe4567e1bf64d32a5527244d104cea	2.8567288903828825
720	5f2c22cb4a5380af7ca75622a6426917	2.8573324964312685
721	aba3b6fd5d186d28e06ff97135cade7f	2.857935264719429
722	c8ed21db4f678f3b13b9d5ee16489088	2.858537197569639
723	08419be897405321542838d77f855226	2.859138297294531
724	7f1171a78ce0780a2142a6eb7bc4f3c8	2.859738566197147
725	82f2b308c3b01637c607ce05f52a2fed	2.8603380065709936
726	0d3180d672e08b4c5312dcdafdf6ef36	2.8609366207000937
727	fb89705ae6d743bf1e848c206e16a1d7	2.8615344108590377
728	d4c2e4a3297fe25a71d030b67eb83bfc	2.862131379313037
729	5751ec3e9a4feab575962e78e006250d	2.8627275283179747
730	d5cfead94f5350c12c322b5b664544c1	2.863322860120456
731	59c33016884a62116be975a9bb8257e3	2.8639173769578603
732	ba3866600c3540f67c1e9575e213be0a	2.864511081058392
733	6c29793a140a811d0c45ce03c1c93a28	2.8651039746411278
734	e995f98d56967d946471af29d7bf99f1	2.8656960599160706
735	6cd67d9b6f0150c77bda2eda01ae484c	2.8662873390841948
736	6bc24fc1ab650b25b4114e93a98f1eba	2.866877814337499
737	a5cdd4aa0048b187f7182f1b9ce7a6a7	2.8674674878590514
738	217eedd1ba8c592db97d0dbe54c7adfc	2.8680563618230415
739	df263d996281d984952c07998dc54358	2.8686444383948255
740	edfbe1afcf9246bb0d40eb4d8027d90f	2.8692317197309762
741	2e65f2f2fdaf6c699b223c61b1b5ab89	2.869818207979328
742	e94550c93cd70fe748e6982b3439ad3b	2.870403905279027
743	5c572eca050594c7bc3c36e7e8ab9550	2.8709888137605755
744	0537fb40a68c18da59a35c2bfe1ca554	2.8715729355458786
745	5f0f5e5f33945135b874349cfbed4fb9	2.8721562727482928
746	185e65bc40581880c4f2c82958de8cfe	2.8727388274726686
747	8d317bdcf4aafcfc22149d77babee96d	2.873320601815399
748	e49b8b4053df9505e1f48c3a701c0682	2.8739015978644615
749	b056eb1587586b71e2da9acfe4fbd19e	2.8744818176994666
750	b137fdd1f79d56c7edf3365fea7520f2	2.8750612633917
751	912d2b1c7b2826caf99687388d2e8f7c	2.8756399370041685
752	a1d33d0dfec820b41b54430b50e96b5c	2.876217840591642
753	6f2268bd1d3d3ebaabb04d6b5d099425	2.8767949762007006
754	872488f88d1b2db54d55bc8bba2fad1b	2.877371345869774
755	ccb0989662211f61edae2e26d58ea92f	2.8779469516291885
756	2823f4797102ce1a1aec05359cc16dd9	2.8785217955012063
757	470e7a4f017a5476afb7eeb3f8b96f9b	2.8790958795000727
758	bf62768ca46b6c3b5bea9515d1a1fc45	2.8796692056320534
759	fa14d4fe2f19414de3ebd9f63d5c0169	2.88024177589548
760	2ca65f58e35d9ad45bf7f3ae5cfd08f1	2.8808135922807914
761	88ae6372cfdc5df69a976e893f4d554b	2.8813846567705728
762	06997f04a7db92466a2baa6ebc8b872d	2.8819549713396007
763	eefc9e10ebdc4a2333b42b2dbb8f27b6	2.8825245379548803
764	5807a685d1a9ab3b599035bc566ce2b9	2.8830933585756897
765	d840cc5d906c3e9c84374c8919d2074e	2.8836614351536176
766	959a557f5f6beb411fd954f3f34b21c3	2.884228769632604
767	f2201f5191c4e92cc5af043eebfd0946	2.884795363948981
768	3a835d3215755c435ef4fe9965a3f2a0	2.885361220031512
769	288cc0ff022877bd3df94bc9360b9c5d	2.885926339801431
770	4ea06fbc83cdd0a06020c35d50e1e89a	2.886490725172482
771	b7ee6f5f9aa5cd17ca1aea43ce848496	2.8870543780509568
772	e57c6b956a6521b28495f2886ca0977a	2.887617300335736
773	86b122d4358357d834a87ce618a55de0	2.888179493918325
774	4e0928de075538c593fbdabb0c5ef2c3	2.8887409606828927
775	c0f168ce8900fa56e57789e2a2f2c9d0	2.88930170250631
776	8c6744c9d42ec2cb9e8885b54ff744d0	2.8898617212581885
777	f1c1592588411002af340cbaedd6fc33	2.890421018800914
778	e07413354875be01a996dc560274708e	2.890979596989689
779	67d96d458abdef21792e6d8e590244e7	2.8915374576725643
780	a8e864d04c95572d1aece099af852d0a	2.8920946026904804
781	7143d7fbadfa4693b9eec507d9d37443	2.8926510338773004
782	72da7fd6d1302c0a159f6436d01e9eb0	2.893206753059848
783	6e0721b2c6977135b916ef286bcb49ec	2.8937617620579434
784	fc8001f834f6a5f0561080d134d53d29	2.8943160626844384
785	4b04a686b0ad13dce35fa99fa4161c65	2.8948696567452528
786	61b4a64be663682e8cb037d9719ad8cd	2.895422546039408
787	3621f1454cacf995530ea53652ddf8fb	2.8959747323590648
788	c15da1f2b5e5ed6e6837a3802f0d1593	2.8965262174895554
789	68053af2923e00204c3ca7c6a3150cf7	2.89707700320942
790	2dace78f80bc92e6d7493423d729448e	2.8976270912904414
791	df7f28ac89ca37bf1abd2f6c184fe1cf	2.8981764834976764
792	96ea64f3a1aa2fd00c72faacf0cb8ac9	2.8987251815894934
793	da8ce53cf0240070ce6c69c48cd588ee	2.8992731873176036
794	82489c9737cc245530c7a6ebef3753ec	2.8998205024270964
795	7c590f01490190db0ed02a5070e20f01	2.9003671286564705
796	35cf8659cfcb13224cbd47863a34fc58	2.900913067737669
797	beb22fb694d513edcf5533cf006dfeae	2.9014583213961123
798	9e3cfc48eccf81a0d57663e129aef3cb	2.9020028913507296
799	28267ab848bcf807b2ed53c3a8f8fc8a	2.902546779313991
800	7a53928fa4dd31e82c6ef826f341daec	2.9030899869919438
801	1905aedab9bf2477edc068a355bba31a	2.9036325160842376
802	1141938ba2c2b13f5505d7c424ebae5f	2.9041743682841634
803	1aa48fc4880bb0c9b8a3bf979d3b917e	2.904715545278681
804	dc5689792e08eb2e219dce49e64c885b	2.905256048748451
805	846c260d715e5b854ffad5f70a516c88	2.9057958803678687
806	d58072be2820e8682c0a27c0518e805e	2.906335041805091
807	6e7b33fdea3adc80ebd648fffb665bb8	2.90687353472207
808	a8ecbabae151abacba7dbde04f761c37	2.907411360774586
809	32b30a250abd6331e03a2a1f16466346	2.9079485216122722
810	b6edc1cd1f36e45daf6d7824d7bb2283	2.90848501887865
811	670e8a43b246801ca1eaca97b3e19189	2.909020854211156
812	81e74d678581a3bb7a720b019f4f1a93	2.9095560292411755
813	e0cf1f47118daebc5b16269099ad7347	2.910090545594068
814	96b9bff013acedfb1d140579e2fbeb63	2.910624404889201
815	71ad16ad2c4d81f348082ff6c4b20768	2.9111576087399764
816	43fa7f58b7eac7ac872209342e62e8f1	2.9116901587538613
817	31839b036f63806cba3f47b93af8ccb5	2.9122220565324155
818	f0adc8838f4bdedde4ec2cfad0515589	2.912753303671323
819	3b5dca501ee1e6d8cd7b905f4e1bf723	2.9132839017604186
820	e2a2dcc36a08a345332c751b2f2e476c	2.9138138523837167
821	4558dbb6f6f8bb2e16d03b85bde76e2c	2.9143431571194407
822	afda332245e2af431fb7b672a68b659d	2.9148718175400505
823	632cee946db83e7a52ce5e8d6f0fed35	2.91539983521227
824	677e09724f0e2df9b6c000b75b5da10d	2.9159272116971158
825	d554f7bb7be44a7267068a7df88ddd20	2.916453948549925
826	795c7a7a5ec6b460ec00c5841019b9e9	2.9169800473203824
827	fa3a3c407f82377f55c19c5d403335c7	2.9175055095525466
828	c2626d850c80ea07e7511bbae4c76f4b	2.9180303367848803
829	ce78d1da254c0843eb23951ae077ff5f	2.9185545305502734
830	8e82ab7243b7c66d768f1b8ce1c967eb	2.9190780923760737
831	e0ec453e28e061cc58ac43f91dc2f3f0	2.919601023784111
832	7250eb93b3c18cc9daa29cf58af7a004	2.920123326290724
833	013a006f03dbc5392effeb8f18fda755	2.9206450014067875
834	301ad0e3bd5cb1627a2044908a42fdc2	2.921166050637739
835	4d5b995358e7798bc7e9d9db83c612a5	2.921686475483602
836	ab88b15733f543179858600245108dd8	2.9222062774390163
837	b0b183c207f46f0cca7dc63b2604f5cc	2.92272545799326
838	f9028faec74be6ec9b852b0a542e2f39	2.9232440186302764
839	8f7d807e1f53eff5f9efbe5cb81090fb	2.9237619608287004
840	fa83a11a198d5a7f0bf77a1987bcd006	2.9242792860618816
841	02a32ad2669e6fe298e607fe7cc0e1a0	2.924795995797912
842	fc3cf452d3da8402bebb765225ce8c0e	2.9253120914996495
843	3d8e28caf901313a554cebc7d32e67e5	2.9258275746247424
844	e97ee2054defb209c35fe4dc94599061	2.926342446625655
845	b86e8d03fe992d1b0e19656875ee557c	2.926856708949692
846	84f7e69969dea92a925508f7c1f9579a	2.9273703630390235
847	f4552671f8909587cf485ea990207f3b	2.9278834103307068
848	362e80d4df43b03ae6d3f8540cd63626	2.9283958522567137
849	fe8c15fed5f808006ce95eddb7366e35	2.928907690243953
850	1efa39bcaec6f3900149160693694536	2.929418925714293
851	92fb0c6d1758261f10d052e6e2c1123c	2.929929560084588
852	22ac3c5a5bf0b520d281c122d1490650	2.9304395947667
853	aff1621254f7c1be92f64550478c56e6	2.930949031167523
854	f7e9050c92a851b0016442ab604b0488	2.931457870689005
855	addfa9b7e234254d26e9c7f2af1005cb	2.931966114728173
856	8c235f89a8143a28a1d6067e959dd858	2.932473764677153
857	847cc55b7032108eee6dd897f3bca8a5	2.932980821923198
858	a67f096809415ca1c9f112d96d27689b	2.9334872878487053
859	2a084e55c87b1ebcdaad1f62fdbbac8e	2.9339931638312424
860	fc49306d97602c8ed1be1dfbf0835ead	2.934498451243568
861	f9a40a4780f5e1306c46f1c8daecee3b	2.935003151453655
862	5ec91aac30eae62f4140325d09b9afd0	2.9355072658247128
863	19b650660b253761af189682e03501dd	2.9360107957152097
864	1fc214004c9481e4c8073e85323bfd4b	2.936513742478893
865	3b3dbaf68507998acd6a5a5254ab2d76	2.9370161074648142
866	ca8155f4d27f205953f9d3d7974bdd70	2.937517892017347
867	ede7e2b6d13a41ddf9f4bdef84fdc737	2.9380190974762104
868	dd45045f8c68db9f54e70c67048d32e8	2.938519725176492
869	49c9adb18e44be0711a94e827042f630	2.9390197764486663
870	22fb0cee7e1f3bde58293de743871417	2.9395192526186187
871	aeb3135b436aa55373822c010763dd54	2.9400181550076634
872	43feaeeecd7b2fe2ae2e26d917b6477d	2.940516484932567
873	98d6f58ab0dafbb86b083a001561bb34	2.9410142437055695
874	51ef186e18dc00c2d31982567235c559	2.941511432634403
875	4b0a59ddf11c58e7446c9df0da541a84	2.942008053022313
876	67d16d00201083a2b118dd5128dd6f59	2.9425041061680806
877	352407221afb776e3143e8a1a0577885	2.9429995933660407
878	dd8eb9f23fbd362da0e3f4e70b878c16	2.9434945159061026
879	d516b13671a4179d9b7b458a6ebdeb92	2.9439888750737717
880	1f50893f80d6830d62765ffad7721742	2.9444826721501687
881	7504adad8bb96320eb3afdd4df6e1f60	2.9449759084120477
882	6c3cf77d52820cd0fe646d38bc2145ca	2.94546858513182
883	210f760a89db30aa72ca258a3483cc7f	2.9459607035775686
884	170c944978496731ba71f34c25826a34	2.946452265013073
885	0efe32849d230d7f53049ddc4a4b0c60	2.9469432706978256
886	704afe073992cbe4813cae2f7715336f	2.9474337218870508
887	7ce3284b743aefde80ffd9aec500e085	2.9479236198317262
888	0a113ef6b61820daa5611c870ed8d5ee	2.948412965778601
889	07871915a8107172b3b5dc15a6574ad3	2.9489017609702137
890	024d7f84fff11dd7e8d9c510137a2381	2.949390006644913
891	cfbce4c1d7c425baf21d6b6f2babe6be	2.949877704036875
892	c2aee86157b4a40b78132f1e71a9e6f1	2.950364854376123
893	d56b9fc4b0f1be8871f5e1c40c0067e7	2.9508514588885464
894	4b0250793549726d5c1ea3906726ebfe	2.951337518795918
895	20aee3a5f4643755a79ee5f6a73050ac	2.951823035315912
896	061412e4a03c02f9902576ec55ebbe77	2.9523080096621253
897	5705e1164a8394aace6018e27d20d237	2.952792443044092
898	a64c94baaf368e1840a1324e839230de	2.9532763366673045
899	01882513d5fa7c329e940dda99b12147	2.9537596917332287
900	acf4b89d3d503d8252c9c4ba75ddbf6d	2.9542425094393248
901	892c91e0a653ba19df81a90f89d99bcd	2.954724790979063
902	b6a1085a27ab7bff7550f8a3bd017df8	2.9552065375419416
903	aa169b49b583a2b5af89203c2b78c67c	2.9556877503135057
904	f47d0ad31c4c49061b9e505593e3db98	2.9561684304753633
905	f57a2f557b098c43f11ab969efe1504b	2.9566485792052033
906	c8fbbc86abe8bd6a5eb6a3b4d0411301	2.957128197676813
907	621461af90cadfdaf0e8d4cc25129f91	2.957607287060095
908	8b6dd7db9af49e67306feb59a8bdc52c	2.958085848521085
909	a4300b002bcfb71f291dac175d52df94	2.9585638832219674
910	e205ee2a5de471a70c1fd1b46033a75f	2.9590413923210934
911	b56a18e0eacdf51aa2a5306b0f533204	2.9595183769729982
912	2a9d121cd9c3a1832bb6d2cc6bd7a8a7	2.959994838328416
913	8b5040a8a5baf3e0e67386c2e3a9b903	2.960470777534299
914	7634ea65a4e6d9041cfd3f7de18e334a	2.960946195733831
915	24896ee4c6526356cc127852413ea3b4	2.9614210940664485
916	23ce1851341ec1fa9e0c259de10bf87c	2.9618954736678504
917	da0d1111d2dc5d489242e60ebcbaf988	2.962369335670021
918	1e056d2b0ebd5c878c550da6ac5d3724	2.9628426812012423
919	3e89ebdb49f712c7d90d1b39e348bbbf	2.9633155113861114
920	6d0f846348a856321729a2f36734d1a7	2.963787827345555
921	430c3626b879b4005d41b8a46172e0c0	2.964259630196849
922	ccc0aa1b81bf81e16c676ddb977c5881	2.9647309210536292
923	c4015b7f368e6b4871809f49debe0579	2.965201701025912
924	bea5955b308361a1b07bc55042e25e54	2.9656719712201065
925	7fa732b517cbed14a48843d74526c11a	2.9661417327390325
926	cbb6a3b884f4f88b3a8e3d44c636cbd8	2.966610986681934
927	1f4477bad7af3616c1f933a02bfabe4e	2.967079734144497
928	d045c59a90d7587d8d671b5f5aec4e7c	2.967547976218862
929	0d0871f0806eae32d30983b62252da50	2.968015713993642
930	1cc3633c579a90cfdd895e64021e2163	2.9684829485539352
931	9f53d83ec0691550f7d2507d57f4f5a2	2.9689496809813427
932	d2ed45a52bc0edfa11c2064e9edee8bf	2.9694159123539814
933	043c3d7e489c69b48737cc0c92d0f3a2	2.9698816437465
934	4daa3db355ef2b0e64b472968cb70f0d	2.9703468762300935
935	e820a45f1dfc7b95282d10b6087e11c0	2.9708116108725178
936	90794e3b050f815354e3e29e977a88ab	2.971275848738105
937	b7892fb3c2f009c65f686f6355c895b5	2.971739590887778
938	74bba22728b6185eec06286af6bec36d	2.9722028383790646
939	3df1d4b96d8976ff5986393e8767f5b2	2.972665592266111
940	8d6dc35e506fc23349dd10ee68dabb64	2.9731278535996988
941	92262bf907af914b95a0fc33c3f33bf6	2.973589623427257
942	b55ec28c52d5f6205684a473a2193564	2.9740509027928774
943	2f885d0fbe2e131bfc9d98363e55d1d4	2.9745116927373285
944	64223ccf70bbb65a3a4aceac37e21016	2.974971994298069
945	4b6538a44a1dfdc2b83477cd76dee98e	2.975431808509263
946	c8c41c4a18675a74e01c8a20e8a0f662	2.975891136401793
947	c4b31ce7d95c75ca70d50c19aef08bf1	2.9763499790032735
948	58e4d44e550d0f7ee0a23d6b02d9b0db	2.976808337338066
949	3cef96dcc9b8035d23f69e30bb19218a	2.977266212427293
950	a3d68b461bd9d3533ee1dd3ce4628ed4	2.9777236052888476
951	1c1d4df596d01da60385f0bb17a4a9e0	2.978180516937414
952	e6cb2a3c14431b55aa50c06529eaa21b	2.9786369483844743
953	9232fe81225bcaef853ae32870a2b0fe	2.979092900638326
954	6395ebd0f4b478145ecfbaf939454fa4	2.979548374704095
955	ef4e3b775c934dada217712d76f3d51f	2.9800033715837464
956	168908dd3227b8358eababa07fcaf091	2.9804578922761
957	2ba596643cbbbc20318224181fa46b28	2.9809119377768436
958	d240e3d38a8882ecad8633c8f9c78c9b	2.9813655090785445
959	0f840be9b8db4d3fbd5ba2ce59211f55	2.9818186071706636
960	437d7d1d97917cd627a34a6a0fb41136	2.9822712330395684
961	d707329bece455a462b58ce00d1194c9	2.9827233876685453
962	5c936263f3428a40227908d5a3847c0b	2.983175072037813
963	1ce927f875864094e3906a4a0b5ece68	2.9836262871245345
964	8065d07da4a77621450aa84fee5656d9	2.984077033902831
965	eeb69a3cb92300456b6a5f4162093851	2.9845273133437926
966	4e0cb6fb5fb446d1c92ede2ed8780188	2.9849771264154934
967	6cfe0e6127fa25df2a0ef2ae1067d915	2.9854264740830017
968	8f468c873a32bb0619eaeb2050ba45d1	2.9858753573083936
969	e744f91c29ec99f0e662c9177946c627	2.986323777050765
970	89fcd07f20b6785b92134bd6c1d0fa42	2.9867717342662448
971	6602294be910b1e3c4571bd98c4d5484	2.9872192299080047
972	c22abfa379f38b5b0411bc11fa9bf92f	2.9876662649262746
973	ca75910166da03ff9d4655a0338e6b09	2.988112840268352
974	4311359ed4969e8401880e3c1836fbe1	2.9885589568786157
975	92977ae4d2ba21425a59afb269c2a14e	2.989004615698537
976	9c01802ddb981e6bcfbec0f0516b8e35	2.9894498176666917
977	cc1aa436277138f61cda703991069eaf	2.989894563718773
978	2ab56412b1163ee131e1246da0955bd1	2.9903388547876015
979	c32d9bf27a3da7ec8163957080c8628e	2.9907826918031377
980	d79aac075930c83c2f1e369a511148fe	2.9912260756924947
981	287e03db1d99e0ec2edb90d079e142f3	2.9916690073799486
982	fec8d47d412bcbeece3d9128ae855a7a	2.9921114877869495
983	6aab1270668d8cac7cef2566a1c5f569	2.9925535178321354
984	d93ed5b6db83be78efb0d05ae420158e	2.9929950984313414
985	54a367d629152b720749e187b3eaa11b	2.9934362304976116
986	fe7ee8fc1959cc7214fa21c4840dff0a	2.993876914941211
987	df6d2338b2b8fce1ec2f6dda0a630eb0	2.9943171526696366
988	9908279ebbf1f9b250ba689db6a0222b	2.9947569445876283
989	a1140a3d0df1c81e24ae954d935e8926	2.9951962915971793
990	4fac9ba115140ac4f1c22da82aa0bc7f	2.99563519459755
991	692f93be8c7a41525c0baf2076aecfb4	2.9960736544852753
992	860320be12a1c050cd7731794e231bd3	2.9965116721541785
993	7b13b2203029ed80337f27127a9f1d28	2.996949248495381
994	934815ad542a4a7c5e8a2dfa04fea9f5	2.997386384397313
995	2bcab9d935d219641434683dd9d18a03	2.9978230807457256
996	0b8aff0438617c055eb55f0ba5d226fa	2.998259338423699
997	ec5aa0b7846082a2415f0902f0da88f2	2.998695158311656
998	9ab0d88431732957a618d4a469a0d4c3	2.999130541287371
999	b706835de79a2b4e80506f582af3676a	2.9995654882259823
1000	a9b7ba70783b617e9998dc4dd82eb3c5	3
100	This text replaces the md5 hash for some rows with\nsimple text	2
101	This text replaces the md5 hash for some rows with\nsimple text	2.0043213737826426
102	This text replaces the md5 hash for some rows with\nsimple text	2.0086001717619175
103	This text replaces the md5 hash for some rows with\nsimple text	2.012837224705172
104	This text replaces the md5 hash for some rows with\nsimple text	2.0170333392987803
105	This text replaces the md5 hash for some rows with\nsimple text	2.0211892990699383
106	This text replaces the md5 hash for some rows with\nsimple text	2.0253058652647704
107	This text replaces the md5 hash for some rows with\nsimple text	2.0293837776852097
108	This text replaces the md5 hash for some rows with\nsimple text	2.03342375548695
109	This text replaces the md5 hash for some rows with\nsimple text	2.037426497940624
110	This text replaces the md5 hash for some rows with\nsimple text	2.041392685158225
111	This text replaces the md5 hash for some rows with\nsimple text	2.0453229787866576
112	This text replaces the md5 hash for some rows with\nsimple text	2.0492180226701815
113	This text replaces the md5 hash for some rows with\nsimple text	2.0530784434834195
114	This text replaces the md5 hash for some rows with\nsimple text	2.0569048513364727
115	This text replaces the md5 hash for some rows with\nsimple text	2.060697840353612
116	This text replaces the md5 hash for some rows with\nsimple text	2.0644579892269186
117	This text replaces the md5 hash for some rows with\nsimple text	2.0681858617461617
118	This text replaces the md5 hash for some rows with\nsimple text	2.0718820073061255
119	This text replaces the md5 hash for some rows with\nsimple text	2.0755469613925306
120	This text replaces the md5 hash for some rows with\nsimple text	2.0791812460476247
121	This text replaces the md5 hash for some rows with\nsimple text	2.0827853703164503
122	This text replaces the md5 hash for some rows with\nsimple text	2.0863598306747484
123	This text replaces the md5 hash for some rows with\nsimple text	2.089905111439398
124	This text replaces the md5 hash for some rows with\nsimple text	2.093421685162235
125	This text replaces the md5 hash for some rows with\nsimple text	2.0969100130080562
126	This text replaces the md5 hash for some rows with\nsimple text	2.100370545117563
127	This text replaces the md5 hash for some rows with\nsimple text	2.103803720955957
128	This text replaces the md5 hash for some rows with\nsimple text	2.1072099696478683
129	This text replaces the md5 hash for some rows with\nsimple text	2.110589710299249
130	This text replaces the md5 hash for some rows with\nsimple text	2.113943352306837
131	This text replaces the md5 hash for some rows with\nsimple text	2.1172712956557644
132	This text replaces the md5 hash for some rows with\nsimple text	2.12057393120585
133	This text replaces the md5 hash for some rows with\nsimple text	2.123851640967086
134	This text replaces the md5 hash for some rows with\nsimple text	2.1271047983648077
135	This text replaces the md5 hash for some rows with\nsimple text	2.130333768495006
136	This text replaces the md5 hash for some rows with\nsimple text	2.1335389083702174
137	This text replaces the md5 hash for some rows with\nsimple text	2.1367205671564067
138	This text replaces the md5 hash for some rows with\nsimple text	2.1398790864012365
139	This text replaces the md5 hash for some rows with\nsimple text	2.143014800254095
140	This text replaces the md5 hash for some rows with\nsimple text	2.146128035678238
\.


--
-- TOC entry 3465 (class 2606 OID 16772)
-- Name: horse horse_pkey; Type: CONSTRAINT; Schema: public; Owner: postgres
--

ALTER TABLE ONLY public.horse
    ADD CONSTRAINT horse_pkey PRIMARY KEY (horsename);


--
-- TOC entry 3470 (class 2606 OID 16796)
-- Name: purchase purchase_pkey; Type: CONSTRAINT; Schema: public; Owner: postgres
--

ALTER TABLE ONLY public.purchase
    ADD CONSTRAINT purchase_pkey PRIMARY KEY (p_timestamp);


--
-- TOC entry 3467 (class 2606 OID 16787)
-- Name: suppliers suppliers_pkey; Type: CONSTRAINT; Schema: public; Owner: postgres
--

ALTER TABLE ONLY public.suppliers
    ADD CONSTRAINT suppliers_pkey PRIMARY KEY (s_suppkey);


--
-- TOC entry 3463 (class 2606 OID 16758)
-- Name: three_cols_pk three_cols_pk_pkey; Type: CONSTRAINT; Schema: public; Owner: postgres
--

ALTER TABLE ONLY public.three_cols_pk
    ADD CONSTRAINT three_cols_pk_pkey PRIMARY KEY (a);


--
-- TOC entry 3468 (class 1259 OID 16802)
-- Name: i_s_suppkey; Type: INDEX; Schema: public; Owner: postgres
--

CREATE INDEX i_s_suppkey ON public.purchase USING btree (s_suppkey);


--
-- TOC entry 3461 (class 1259 OID 16779)
-- Name: indx_three_cols_pk_a; Type: INDEX; Schema: public; Owner: postgres
--

CREATE INDEX indx_three_cols_pk_a ON public.three_cols_pk USING btree (a) INCLUDE (c);


--
-- TOC entry 3471 (class 2606 OID 16797)
-- Name: purchase purchase_s_suppkey_fkey; Type: FK CONSTRAINT; Schema: public; Owner: postgres
--

ALTER TABLE ONLY public.purchase
    ADD CONSTRAINT purchase_s_suppkey_fkey FOREIGN KEY (s_suppkey) REFERENCES public.suppliers(s_suppkey) NOT VALID;


-- Completed on 2025-02-10 01:52:45 +04

--
-- PostgreSQL database dump complete
--

